file,pixels,dpi,stamped_here,print_size_at_declared_dpi_in,max_width_in_at_300dpi,meets_300
anemia_a_node_afr.png,4000x2500,300,False,13.33 x 8.33,13.33,True
anemia_b_afr_meta.png,4000x2500,300,False,13.33 x 8.33,13.33,True
anemia_c_eur_meta.png,4000x2500,300,False,13.33 x 8.33,13.33,True
anemia_d_afr_eur.png,4000x2500,300,False,13.33 x 8.33,13.33,True
anemia_e_pvd_eur_meta.png,4000x2500,300,False,13.33 x 8.33,13.33,True
anemia_f_hb_afr_meta.png,4000x2500,300,False,13.33 x 8.33,13.33,True
anemias_v2.png,4140x4210,400,False,10.35 x 10.53,13.8,True
fig1_data_stats.png,2880x3040,400,False,7.20 x 7.60,9.6,True
fig2_comparison_legend.png,896x576,300,False,2.99 x 1.92,2.99,True
fig2_edge_type_labels.png,848x300,300,False,2.83 x 1.00,2.83,True
fig2_related_phecode_toggle.png,1252x212,300,False,4.17 x 0.71,4.17,True
fig2_reset_button.png,1252x204,300,False,4.17 x 0.68,4.17,True
fig2_summary_panel_network.png,984x576,300,False,3.28 x 1.92,3.28,True
fig2_summary_panel_node.png,1440x572,300,False,4.80 x 1.91,4.8,True
fig3_a_network_eur_total.png,4000x2500,300,False,13.33 x 8.33,13.33,True
fig3_b_network_afr_total.png,4000x2500,300,False,13.33 x 8.33,13.33,True
fig3_c_network_eur_discordant.png,4000x2500,300,False,13.33 x 8.33,13.33,True
fig3_d_network_afr_discordant.png,4000x2500,300,False,13.33 x 8.33,13.33,True
fig3_e_node_afr_genes_apol1.png,4000x2500,300,False,13.33 x 8.33,13.33,True
fig3_f_locus_map.png,4400x2750,400,False,11.00 x 6.88,14.67,True
renal_disease_v3.png,4140x4210,400,False,10.35 x 10.53,13.8,True
fig1_data_stats.pdf,vector,vector,False,any,any,True
fig3_f_locus_map.pdf,vector,vector,False,any,any,True
