phe_id,rsid,n_anc,beta_meta,se_meta,beta_ivw,se_ivw,rel
264,rs544402766,2,0.0161,0.1154,0.1070514212804464,0.1181730750648696,5.649156601269962
175,rs552001060,3,-0.01377,0.1347,0.05791218858530913,0.12274495767323271,5.205678183392094
181,rs552001060,3,-0.01773,0.1353,0.05870206793623558,0.12348484374928764,4.3108893365051095
181,rs567556644,3,-0.0118,0.1155,0.03697047433199721,0.10107516507265088,4.133091045084509
175,rs567556644,3,-0.01275,0.1142,0.030871746222798417,0.10026565134362903,3.4213134292390914
365,rs117123390,4,-0.01508,0.08356,0.031357406641083545,0.08905568278245247,3.0794036234140285
181,rs116367317,3,0.01095,0.04076,-0.019380036777407975,0.03801522825702964,2.7698663723660255
1199,rs531804335,3,-0.03077,0.09568,-0.10899702978181372,0.10039548118627667,2.5423149100361955
264,rs74656164,4,0.01192,0.04448,0.04060546006393569,0.044008039439225335,2.406498327511384
335,rs1233897432,4,0.02201,0.1377,-0.030742548097805113,0.14204112583012923,2.3967536618721086
175,rs116367317,3,0.01237,0.04076,-0.016407766628210484,0.038044609988537065,2.3264160572522625
236,rs531169534,3,-0.01392,0.1221,0.017712991144816618,0.12947243439882225,2.2724849960356766
264,rs17136182,4,0.01411,0.04368,0.04217934151807492,0.04311060252782994,1.9893225739245162
181,rs200113753,4,-0.0161,0.03354,-0.047032508466331585,0.03047145380350066,1.9212738177845705
264,rs12674021,4,0.01449,0.0436,0.04207822690383415,0.0427166755942707,1.9039494067518392
