subset,rows,rows_with_an_ivw,corr_beta,median_rel_diff,p95_rel_diff,median_diff_in_se_units,within_1pct,within_0.1pct,within_1pct_share,median_beta_ratio,corr_se,median_se_ratio
all rows with a META beta,3036438,3036438,0.999876,0.016129,0.121341,0.089117,1142084,194174,0.3761,,0.593566,0.902052
|z_meta| >= 2,2983529,2983529,0.999893,0.015745,,0.088614,1138030,,0.3814,1.012879,,0.901166
|z_meta| >= 5,1502191,1502191,0.999932,0.008076,,0.058623,844995,,0.5625,1.00541,,0.949812
|z_meta| >= 10,249677,249677,0.999938,0.005456,,0.082088,168409,,0.6745,1.004492,,1.15971
|beta_meta| >= 0.05,1415565,1415565,0.999896,0.006959,,0.046847,860341,,0.6078,1.005095,,0.969059
|beta_meta| >= 0.2,286921,286921,0.999904,0.003787,,0.035874,226796,,0.7904,1.002611,,1.292659
2 ancestry groups contributing,137328,137328,0.999915,0.002514,,0.017424,116109,,0.8455,,,1.165589
3 ancestry groups contributing,1027762,1027762,0.999877,0.006824,,0.041529,635590,,0.6184,,,0.948129
4 ancestry groups contributing,1871348,1871348,0.99962,0.027095,,0.142247,390385,,0.2086,,,0.889756
