ancestry,level,neighbours,shared_snp_weight,hematopoietic_neighbours,hematopoietic_weight_fraction,concordant_weight_fraction
AFR,L0,35,1890,9,0.9598,0.9884
AFR,L1,34,1339,8,0.9432,0.9836
AFR,L2,34,1339,8,0.9432,0.9836
AFR,L3,29,80,3,0.05,0.725
EUR,L0,238,18183,13,0.1351,0.8399
EUR,L1,237,17073,12,0.0788,0.8294
EUR,L2,236,17024,11,0.0762,0.8289
EUR,L3,231,16234,6,0.0312,0.8208
META,L0,240,18257,14,0.1941,0.8502
META,L1,239,16798,13,0.1241,0.8372
META,L2,238,16754,12,0.1218,0.8368
META,L3,233,15209,7,0.0326,0.8202
