ancestry,lead_rsid,chrom,lead_pos,span_start,span_end,n_snps,neighbours_reached,shared_snp_weight,is_hbb,is_hba
AFR,rs13331259,16,249924,12965,700107,505,7,1552,False,True
AFR,rs34598529,11,5227100,4862748,5443086,40,23,178,True,False
AFR,rs3874239,15,45039491,44994647,45116501,11,11,35,False,False
AFR,rs980349,8,126058923,126058630,126071258,9,3,20,False,False
AFR,rs143926560,17,7200498,7200498,7284966,3,1,3,False,False
AFR,rs12252337,10,19621016,19617029,19621016,2,1,2,False,False
AFR,rs140396646,19,16913259,16858204,16913259,3,1,1,False,False
AFR,rs570671228,2,112348334,112348334,112360082,3,1,1,False,False
AFR,rs13023380,2,162297853,162297853,162297853,1,1,1,False,False
AFR,rs375473499,7,148365742,148365742,148365742,1,1,1,False,False
AFR,rs116390012,6,150146001,150146001,150146001,1,1,1,False,False
AFR,rs2612618,8,64394004,64394004,64394727,3,1,1,False,False
AFR,rs309132,2,135875441,135875441,135875441,1,1,1,False,False
AFR,rs141719071,6,118708702,118708702,118708702,1,1,1,False,False
AFR,rs6854183,4,102758311,102758311,102758311,1,1,1,False,False
AFR,rs115672286,10,26924757,26924757,26924757,1,0,0,False,False
AFR,rs540746044,3,147724326,147724326,147724326,1,0,0,False,False
AFR,rs7190680,16,786482,786482,786482,1,0,0,False,False
AFR,rs825272,2,221710549,221710549,221752041,2,0,0,False,False
AFR,rs896372434,4,113874066,113874066,113874066,1,0,0,False,False
AFR,rs1193571398,12,113563948,113563948,113563948,1,0,0,False,False
EUR,rs56094641,16,53772541,53763996,53814649,116,137,12493,False,False
EUR,rs198851,6,26104404,25611598,26135271,330,29,2276,False,False
EUR,rs4083754,20,63644522,63644491,63707707,66,26,938,False,False
EUR,rs2076085,22,37074001,37009376,37115036,139,9,314,False,False
EUR,rs78837720,6,32548607,32540678,32582349,6,53,293,False,False
EUR,rs17492120,6,25590083,25452555,25603965,42,15,261,False,False
EUR,rs2645490,17,59801148,59720804,59968885,107,4,245,False,False
EUR,rs11453468,15,44962327,44838762,45122306,223,1,161,False,False
EUR,rs112635299,14,94371805,94371805,94411531,3,31,73,False,False
EUR,rs2024050,7,75831075,75773993,75866349,20,3,48,False,False
EUR,rs757460,16,317174,309567,359790,9,8,30,False,True
EUR,rs13417744,2,117095508,117086973,117119843,25,1,25,False,False
EUR,rs201556157,10,5370700,5353707,5376109,25,1,24,False,False
EUR,rs190942379,6,26910015,26687313,26910015,3,11,23,False,False
EUR,rs7819197,8,23521365,23059509,23523230,17,2,18,False,False
EUR,rs10886430,10,119250744,119250744,119277642,2,7,12,False,False
EUR,rs11549407,11,5226774,5226774,5226820,2,6,10,True,False
EUR,rs117258678,7,27486654,27486654,27718142,10,1,5,False,False
EUR,rs28360043,6,31117957,31117957,31117957,1,4,4,False,False
EUR,rs34523089,17,58358748,58343736,58358748,3,1,3,False,False
EUR,rs7320713,13,104895519,104893455,104932976,18,1,2,False,False
EUR,rs17499330,2,117757355,117757355,117761971,2,2,2,False,False
EUR,rs142427808,18,33686688,33686688,33686688,1,1,1,False,False
EUR,rs113219764,17,4426882,4426882,4426882,1,1,1,False,False
EUR,rs181747846,6,154625929,154625929,154625929,1,1,1,False,False
EUR,rs191924544,10,104017541,104017541,104017541,1,1,1,False,False
EUR,rs12057256,1,184574548,184559347,184574548,2,0,0,False,False
EUR,rs6794370,3,133771490,133771490,133771490,1,0,0,False,False
EUR,rs577382962,3,36725096,36725096,36725096,1,0,0,False,False
EUR,rs564508379,3,76752925,76752925,76752925,1,0,0,False,False
EUR,rs116661434,3,132280927,132268613,132280927,2,0,0,False,False
EUR,rs9343434,6,62961888,62961888,62961888,1,0,0,False,False
EUR,rs146281756,17,72736327,72736327,72736327,1,0,0,False,False
EUR,rs6690731,1,189922418,189922418,189922418,1,0,0,False,False
EUR,rs7506515,18,5835139,5835139,5835139,1,0,0,False,False
META,rs55872725,16,53775211,53763996,53811575,108,136,11769,False,False
META,rs198851,6,26104404,25611598,26135271,325,26,2205,False,False
META,rs13331259,16,249924,32334,573538,408,15,1177,False,True
META,rs2738783,20,63677259,63644491,63706054,56,25,645,False,False
META,rs78837720,6,32548607,32540678,32582349,6,54,299,False,False
META,rs855791,22,37066896,37009376,37100807,125,9,294,False,False
META,rs3874239,15,45039491,44838762,45122306,223,6,246,False,False
META,rs17492120,6,25590083,25452555,25603965,37,14,225,False,False
META,rs2645474,17,59791240,59720804,59968885,107,4,202,False,False
META,rs112635299,14,94371805,94371805,94411531,3,30,70,False,False
META,rs11549407,11,5226774,5082821,5335737,13,24,60,True,False
META,rs7780383,7,75833256,75773993,75866349,20,3,46,False,False
META,rs13417744,2,117095508,117086973,117119843,25,1,25,False,False
META,rs113140353,10,5371278,5353707,5376109,25,1,23,False,False
META,rs190942379,6,26910015,26687313,26910015,3,11,21,False,False
META,rs7009973,8,23516941,23059509,23523230,17,2,18,False,False
META,rs10886430,10,119250744,119250744,119277642,2,7,12,False,False
META,rs117258678,7,27486654,27486654,27718142,10,1,5,False,False
META,rs28360043,6,31117957,31117957,31117957,1,4,4,False,False
META,rs143926560,17,7200498,7200498,7284966,3,1,3,False,False
META,rs34523089,17,58358748,58343736,58358748,3,1,3,False,False
META,rs12249004,10,19617029,19617029,19621016,2,1,2,False,False
META,rs17499330,2,117757355,117757355,117761971,2,2,2,False,False
META,rs9519511,13,104893455,104893455,104921966,9,1,2,False,False
META,rs140396646,19,16913259,16858204,16913259,3,1,1,False,False
META,rs141719071,6,118708702,118708702,118708702,1,1,1,False,False
META,rs113219764,17,4426882,4426882,4426882,1,1,1,False,False
META,rs191924544,10,104017541,104017541,104017541,1,1,1,False,False
META,rs6854183,4,102758311,102758311,102758311,1,1,1,False,False
META,rs116390012,6,150146001,150146001,150146001,1,1,1,False,False
META,rs181747846,6,154625929,154625929,154625929,1,1,1,False,False
META,rs6794370,3,133771490,133771490,133771490,1,0,0,False,False
META,rs115672286,10,26924757,26924757,26924757,1,0,0,False,False
META,rs564508379,3,76752925,76752925,76752925,1,0,0,False,False
META,rs7190680,16,786482,786482,786482,1,0,0,False,False
META,rs146281756,17,72736327,72736327,72736327,1,0,0,False,False
META,rs577382962,3,36725096,36725096,36725096,1,0,0,False,False
META,rs142427808,18,33686688,33686688,33686688,1,0,0,False,False
