locus_ancestry,other_ancestry,lead_rsid,chrom,lead_pos,n_snps,is_apol1,is_tcf7l2,beta_own,se_own,p_own,beta_other,se_other,p_other,classification
AFR,EUR,rs9622362,22,36260398,481,True,False,-0.3252,0.02303,1.681e-45,-0.4004,0.1675,0.02103,consistent and nominally significant
AFR,EUR,rs7292101,22,35695911,78,False,False,-0.1616,0.02504,1.066e-10,,,,missing
AFR,EUR,rs10427778,22,37023301,15,False,False,-0.1391,0.02386,5.324e-09,0.01539,0.04144,0.7105,inconsistent direction
AFR,EUR,rs5750077,22,35195815,30,False,False,0.1843,0.03256,1.419e-08,0.0001584,0.02155,0.9941,consistent but not significant
AFR,EUR,rs7903146,10,112998590,6,False,True,-0.1298,0.02366,4.184e-08,-0.1258,0.01967,8.627e-11,consistent and nominally significant
AFR,EUR,rs970305314,17,1799375,1,False,False,-1.14,0.1886,9.196e-08,,,,missing
AFR,EUR,rs3906559,19,17215104,5,False,False,0.1231,0.02353,1.465e-07,0.02081,0.02143,0.3316,consistent but not significant
AFR,EUR,rs75667267,1,185041236,7,False,False,-1.851,0.2943,1.523e-07,-1.225,0.3889,0.003575,consistent and nominally significant
AFR,EUR,rs547313049,1,66357534,1,False,False,-2.444,0.3805,1.574e-07,,,,missing
AFR,EUR,rs61360017,11,69667300,1,False,False,-0.2897,0.05476,1.992e-07,0.02847,0.03946,0.4706,inconsistent direction
AFR,EUR,rs242993,22,34101415,2,False,False,-0.3198,0.06171,2.115e-07,-0.02021,0.02391,0.398,consistent but not significant
AFR,EUR,rs57167448,3,154052885,1,False,False,-0.3679,0.06916,2.299e-07,,,,missing
AFR,EUR,rs112662978,8,61518797,2,False,False,-0.3153,0.06006,2.539e-07,0.2062,0.6772,0.7607,inconsistent direction
AFR,EUR,rs11138913,9,80926877,1,False,False,-0.2086,0.03985,2.595e-07,0.1267,0.05492,0.01953,inconsistent direction
AFR,EUR,rs2281100,22,37571425,1,False,False,0.2042,0.03977,2.645e-07,0.02776,0.01978,0.1604,consistent but not significant
AFR,EUR,rs9427119,1,154665892,1,False,False,-0.1277,0.02503,3.063e-07,-0.0324,0.02225,0.1454,consistent but not significant
AFR,EUR,rs5749631,22,33569020,1,False,False,0.1582,0.03119,3.578e-07,0.008523,0.01991,0.6686,consistent but not significant
AFR,EUR,rs186705016,10,126380147,1,False,False,-1.78,0.2951,3.619e-07,-0.2204,0.2301,0.3381,consistent but not significant
AFR,EUR,rs535764506,2,169656753,3,False,False,-0.8867,0.159,3.807e-07,,,,missing
AFR,EUR,rs533295090,1,78450934,2,False,False,-2.591,0.4207,3.979e-07,,,,missing
AFR,EUR,rs575629703,19,49049619,1,False,False,-0.7946,0.1462,5.047e-07,,,,missing
AFR,EUR,rs186742570,13,88118281,4,False,False,-0.7123,0.1325,5.061e-07,0.4131,0.3998,0.3016,inconsistent direction
AFR,EUR,rs138425849,1,19490286,1,False,False,-2.058,0.3488,5.39e-07,,,,missing
AFR,EUR,rs544891760,4,59644049,2,False,False,-2.327,0.3935,5.954e-07,,,,missing
AFR,EUR,rs192853102,9,6826806,2,False,False,-0.9748,0.1785,6.59e-07,,,,missing
AFR,EUR,rs75232751,16,3316740,4,False,False,-0.3845,0.07519,6.659e-07,,,,missing
AFR,EUR,rs573682310,18,10392423,1,False,False,-1.633,0.2802,6.815e-07,,,,missing
AFR,EUR,rs74348417,16,10738260,1,False,False,-0.2328,0.04649,7.526e-07,,,,missing
AFR,EUR,rs115523073,7,82753838,2,False,False,-0.4609,0.09015,7.797e-07,,,,missing
AFR,EUR,rs796774237,3,192751981,1,False,False,-1.991,0.3448,8.061e-07,,,,missing
AFR,EUR,rs538246170,8,138426591,1,False,False,-0.5756,0.1099,9.609e-07,,,,missing
AFR,EUR,rs78652169,6,96044045,1,False,False,-0.5138,0.09982,9.956e-07,0.09551,0.05766,0.09762,inconsistent direction
EUR,AFR,rs4948524,10,58591464,316,False,False,-0.1249,0.01852,9.4e-12,-0.06068,0.02412,0.01212,consistent and nominally significant
EUR,AFR,rs34872471,10,112994312,28,False,True,-0.1284,0.01994,6.21e-11,-0.08545,0.02357,0.0002943,consistent and nominally significant
EUR,AFR,rs12922822,16,20356323,32,False,False,0.1591,0.02541,2.325e-10,0.139,0.05637,0.01225,consistent and nominally significant
EUR,AFR,rs7735993,5,141299794,32,False,False,-0.1126,0.02107,6.192e-08,0.04189,0.0233,0.07219,inconsistent direction
EUR,AFR,rs75166367,2,162107791,1,False,False,-0.1952,0.03667,9.628e-08,-0.1474,0.1092,0.1769,consistent but not significant
EUR,AFR,rs142598645,2,58747845,4,False,False,-0.3041,0.05773,1.874e-07,0.03221,0.1923,0.867,inconsistent direction
EUR,AFR,rs190211746,6,164831189,6,False,False,-0.9555,0.1684,2.06e-07,-0.8968,0.4149,0.04099,consistent and nominally significant
EUR,AFR,rs186611644,17,373139,1,False,False,-2.205,0.3524,2.563e-07,,,,missing
EUR,AFR,rs111565436,17,38674206,11,False,False,-0.1167,0.02306,2.823e-07,0.01067,0.02383,0.6542,inconsistent direction
EUR,AFR,rs36168201,15,27348792,2,False,False,-0.1129,0.02241,2.877e-07,0.002973,0.02538,0.9068,inconsistent direction
EUR,AFR,rs146465328,21,36898377,1,False,False,-2.086,0.3241,3.715e-07,0.05864,0.1065,0.5818,inconsistent direction
EUR,AFR,rs41266311,6,168066030,1,False,False,-0.3788,0.07247,3.761e-07,0.06585,0.2556,0.7967,inconsistent direction
EUR,AFR,rs111263147,4,145069308,41,False,False,-1.868,0.2988,4.631e-07,0.01651,0.05016,0.742,inconsistent direction
EUR,AFR,rs9420637,10,94386376,9,False,False,0.1035,0.02074,4.756e-07,0.04011,0.02425,0.09811,consistent but not significant
EUR,AFR,rs76812436,3,82324732,8,False,False,-0.4198,0.08162,5.176e-07,-0.03875,0.05096,0.447,consistent but not significant
EUR,AFR,rs187690358,7,4921483,1,False,False,-0.6422,0.1212,5.259e-07,0.6833,0.4902,0.1634,inconsistent direction
EUR,AFR,rs17817288,16,53773852,1,False,False,-0.09171,0.01861,7.106e-07,-0.03339,0.02342,0.154,consistent but not significant
EUR,AFR,rs191307488,4,175770926,1,False,False,-1.256,0.2216,7.614e-07,0.7598,0.942,0.4199,inconsistent direction
EUR,AFR,rs73062257,2,205638348,1,False,False,-2.703,0.4185,7.771e-07,0.117,0.07061,0.09749,inconsistent direction
EUR,AFR,rs555712922,5,136600888,1,False,False,-1.453,0.2513,8.078e-07,,,,missing
EUR,AFR,rs76612145,4,177969411,1,False,False,-0.3986,0.07851,8.209e-07,-0.02839,0.04158,0.4947,consistent but not significant
EUR,AFR,rs185318968,11,46411630,1,False,False,-0.7079,0.1354,8.495e-07,-0.8704,0.3502,0.01692,consistent and nominally significant
EUR,AFR,rs7291184,22,36207941,6,True,False,-1.062,0.1945,1.118e-06,-0.209,0.02368,1.473e-18,consistent and nominally significant
