neighbour,label,category,shared,concordant,discordant,majority_discordant,dominant_locus_lead,dominant_locus_chrom,dominant_is_apol1,dominant_is_tcf7l2
472,Myopia,sense organs,372,28,344,True,rs4948524,10,False,False
465,Primary open angle glaucoma,sense organs,344,0,344,True,rs4948524,10,False,False
464,Open-angle glaucoma,sense organs,345,7,338,True,rs4948524,10,False,False
927,Calculus of kidney,genitourinary system,38,0,38,True,rs12922822,16,False,False
926,Urinary calculus,genitourinary system,38,0,38,True,rs12922822,16,False,False
930,Hydronephrosis,genitourinary system,37,0,37,True,rs12922822,16,False,False
929,Calculus of ureter,genitourinary system,37,0,37,True,rs12922822,16,False,False
928,Calculus of lower urinary tract,genitourinary system,37,0,37,True,rs12922822,16,False,False
918,Urinary tract infection,genitourinary system,37,0,37,True,rs12922822,16,False,False
923,Hematuria,genitourinary system,34,0,34,True,rs12922822,16,False,False
263,"Overweight, obesity and other hyperalimentation",endocrine or metabolic,30,1,29,True,rs34872471,10,False,True
265,Morbid obesity,endocrine or metabolic,30,1,29,True,rs34872471,10,False,True
264,Obesity,endocrine or metabolic,30,1,29,True,rs34872471,10,False,True
236,Gout,endocrine or metabolic,405,376,29,False,rs4948524,10,False,False
235,Gout and other crystal arthropathies,endocrine or metabolic,403,375,28,False,rs4948524,10,False,False
1160,Osteoarthritis; localized,musculoskeletal system,27,1,26,True,rs34872471,10,False,True
645,Aortic aneurysm,circulatory system,19,0,19,True,rs34872471,10,False,True
1159,Osteoarthrosis,musculoskeletal system,19,1,18,True,rs34872471,10,False,True
842,Diverticulosis and diverticulitis,digestive system,17,0,17,True,rs34872471,10,False,True
843,Diverticulosis,digestive system,17,0,17,True,rs34872471,10,False,True
373,Sleep apnea,neurological,17,1,16,True,rs34872471,10,False,True
1161,"Osteoarthrosis, localized, primary",musculoskeletal system,13,0,13,True,rs34872471,10,False,True
644,Other aneurysm,circulatory system,12,0,12,True,rs34872471,10,False,True
375,Obstructive sleep apnea,neurological,13,1,12,True,rs34872471,10,False,True
822,Umbilical hernia,digestive system,10,0,10,True,rs34872471,10,False,True
463,Glaucoma,sense organs,28,21,7,False,rs34872471,10,False,True
1165,Osteoarthrosis NOS,musculoskeletal system,7,1,6,True,rs34872471,10,False,True
712,Chronic airway obstruction,respiratory system,6,0,6,True,rs34872471,10,False,True
365,Alcohol-related disorders,other,1,0,1,True,rs17817288,16,False,False
553,Hypertensive chronic kidney disease,circulatory system,383,382,1,False,rs4948524,10,False,False
556,Ischemic Heart Disease,circulatory system,303,302,1,False,rs4948524,10,False,False
364,Substance addiction and disorders,other,1,0,1,True,rs17817288,16,False,False
478,Amblyopia,sense organs,1,0,1,True,rs34872471,10,False,True
903,Chronic renal failure [CKD],genitourinary system,409,408,1,False,rs4948524,10,False,False
904,Renal dialysis,genitourinary system,157,156,1,False,rs4948524,10,False,False
925,Microscopic hematuria,genitourinary system,1,0,1,True,rs75166367,2,False,False
560,Coronary atherosclerosis,circulatory system,305,304,1,False,rs4948524,10,False,False
175,Diabetes mellitus,endocrine or metabolic,31,30,1,False,rs34872471,10,False,True
181,Type 2 diabetes,endocrine or metabolic,31,30,1,False,rs34872471,10,False,True
366,Alcoholism,other,1,0,1,True,rs17817288,16,False,False
858,Other chronic nonalcoholic liver disease,digestive system,1,0,1,True,rs34872471,10,False,True
924,Gross hematuria,genitourinary system,1,0,1,True,rs12922822,16,False,False
646,Abdominal aortic aneurysm,circulatory system,1,0,1,True,rs34872471,10,False,True
857,Chronic liver disease and cirrhosis,digestive system,1,0,1,True,rs34872471,10,False,True
