target,ancestry,threshold,pleiotropy_filter,recomputed_neighbours,stored_neighbours,same_edges_compared,same_implied_k,same_ratio_spread,same_only_recomputed,same_only_stored,diff_edges_compared,diff_implied_k,diff_ratio_spread,diff_only_recomputed,diff_only_stored
ESRD,AFR,0.0001,none,86,86,80,0.008249942546238374,0.028571428571428758,0,0,7,0.015267175572519083,1.1362438767648086e-16,0,21
anemia_280.1,AFR,0.0001,none,35,34,27,0.00827266710787558,0.0,1,0,7,0.015267175572519083,1.1362438767648086e-16,0,0
ESRD,AFR,0.0001,applied (>=40 dropped),54,86,52,0.009330918066265945,0.5142857142857142,0,28,3,0.015267175572519083,1.1362438767648086e-16,0,25
anemia_280.1,AFR,0.0001,applied (>=40 dropped),35,34,27,0.00827266710787558,0.0,1,0,7,0.015267175572519083,1.1362438767648086e-16,0,0
ESRD,AFR,1e-08,none,29,3,1,0.018402649981597352,0.0,28,2,0,,,1,0
anemia_280.1,AFR,1e-08,none,6,4,0,,,6,3,0,,,0,1
ESRD,AFR,1e-08,applied (>=40 dropped),29,3,1,0.018402649981597352,0.0,28,2,0,,,1,0
anemia_280.1,AFR,1e-08,applied (>=40 dropped),6,4,0,,,6,3,0,,,0,1
ESRD,EUR,0.0001,none,142,142,118,0.0004631584790157317,0.14831665150136472,0,0,39,0.005332368225357296,0.2522123893805311,5,1
anemia_280.1,EUR,0.0001,none,238,237,186,0.0004638391034917807,3.506179721557422e-16,0,0,75,0.005365958360163125,3.2328306698303774e-16,1,0
ESRD,EUR,0.0001,applied (>=40 dropped),59,142,43,0.0032501062885123702,0.9655172413793104,0,75,22,0.028416619240528063,0.9642857142857143,5,18
anemia_280.1,EUR,0.0001,applied (>=40 dropped),100,237,51,0.0030487611000194884,0.9823008849557522,0,135,57,0.008060012789698067,0.9661016949152542,1,18
ESRD,EUR,1e-08,none,75,70,22,0.030904925052435053,0.9998873188650755,35,34,4,0.007114681073032328,0.9981753905804539,19,21
anemia_280.1,EUR,1e-08,none,113,111,29,0.0043514717087462735,0.9999045294547387,71,59,3,0.04774129870996788,0.9970737468059423,15,43
ESRD,EUR,1e-08,applied (>=40 dropped),59,70,20,0.24826001417894386,0.9999856587646461,27,36,4,0.0224056732885272,0.9994246260069046,13,21
anemia_280.1,EUR,1e-08,applied (>=40 dropped),20,111,4,0.0028084540791788086,0.9984909456740444,2,84,3,0.04774129870996788,0.9970737468059423,12,43
ESRD,META,0.0001,none,160,160,137,0.0010211779306900867,0.14447745071563597,0,0,40,0.005459856165007436,0.5347263681592038,3,5
anemia_280.1,META,0.0001,none,240,239,192,0.0010226831114110982,4.240618273199103e-16,0,0,79,0.005532809560694921,3.135339210480481e-16,1,0
ESRD,META,0.0001,applied (>=40 dropped),94,160,74,0.006140788494318469,0.9644798136645962,0,63,24,0.022247867439386018,0.9615384615384615,3,21
anemia_280.1,META,0.0001,applied (>=40 dropped),109,239,65,0.01997530757884094,0.9917355371900827,0,127,60,0.006952897347939951,0.9375,1,19
ESRD,META,1e-08,none,95,60,27,0.021897184545276397,0.9999106265081777,55,22,4,0.019169729143589623,0.9956293706293706,12,13
anemia_280.1,META,1e-08,none,118,96,30,0.015727211909998342,0.9998959308981162,78,46,3,0.06302050233625534,0.9988481369071562,8,34
ESRD,META,1e-08,applied (>=40 dropped),73,60,24,0.01877915971793426,0.9999242759616953,39,25,4,0.021399329213796284,0.9933155080213905,7,13
anemia_280.1,META,1e-08,applied (>=40 dropped),21,96,5,0.023191069509597192,0.9994316028798788,8,71,3,0.06302050233625534,0.9988481369071562,5,34
