source,target,page3_same_dir_snps,page3_diff_dir_snps,page1_stored_same,page1_stored_diff,page1_descaled_same,page1_descaled_diff,same_matches,diff_matches
160,191,23,2,0.023521711562455257,0.011065619121389841,23.034,2.027,True,True
730,903,165,0,0.1687427133828312,0.0,165.243,0.0,True,True
132,138,22,0,0.022499028451044158,0.0,22.032,0.0,True,True
550,609,35,0,0.03579390889938843,0.0,35.052,0.0,True,True
291,583,144,0,0.14726636804319812,0.0,144.212,0.0,True,True
341,550,388,0,0.3968010472275061,0.0,388.572,0.0,False,True
822,900,0,7,0.0,0.03872966692486445,0.0,7.094,True,True
274,440,2,36,0.0020453662228221963,0.19918114418501714,2.003,36.481,True,True
86,938,27,0,0.02761244400809965,0.0,27.04,0.0,True,True
667,1161,106,0,0.1084044098095764,0.0,106.156,0.0,True,True
469,736,20,0,0.020453662228221963,0.0,20.029,0.0,True,True
243,900,72,0,0.07363318402159906,0.0,72.106,0.0,True,True
221,822,0,7,0.0,0.03872966692486445,0.0,7.094,True,True
444,1095,1271,646,1.2977848683806834,3.5852605953303085,1270.87,656.658,True,False
617,640,172,0,0.17590149516270887,0.0,172.254,0.0,True,True
927,1047,0,1,0.0,0.005532809560694921,0.0,1.013,True,True
618,1077,126,0,0.12885807203779837,0.0,126.186,0.0,True,True
1084,1277,83,0,0.08488269824712115,0.0,83.122,0.0,True,True
208,1201,5,0,0.005113415557055491,0.0,5.007,0.0,True,True
20,859,36,0,0.03681659201079953,0.0,36.053,0.0,True,True
