column,ancestry,threshold,recomputed_edges,stored_edges,only_recomputed,only_stored,per_edge_agreement_pct,implied_k_stored_per_raw,verdict
afr_1e-04_same_dir_weight,AFR,0.0001,4660,4636,49,25,94.64,0.00827266710787558,matches
afr_1e-05_same_dir_weight,AFR,1e-05,3854,3832,35,13,95.47,0.011170688114387846,matches
afr_1e-06_same_dir_weight,AFR,1e-06,3121,3100,33,12,95.95,0.013248542660307366,matches
afr_1e-07_same_dir_weight,AFR,1e-07,1918,1921,1834,1837,40.48,0.018018018018018018,does NOT match
afr_1e-08_same_dir_weight,AFR,1e-08,1276,1353,1247,1324,6.9,0.02498750624687656,does NOT match
afr_1e-09_same_dir_weight,AFR,1e-09,934,1021,918,1005,6.25,0.03207184092366902,does NOT match
afr_1e-10_same_dir_weight,AFR,1e-10,735,819,728,812,0.0,0.04088307440719542,does NOT match
afr_1e-11_same_dir_weight,AFR,1e-11,604,692,592,680,0.0,0.04873294346978557,does NOT match
afr_1e-12_same_dir_weight,AFR,1e-12,539,621,533,615,16.67,0.05470459518599562,does NOT match
eur_1e-04_same_dir_weight,EUR,0.0001,43517,43301,279,63,99.1,0.00046383910349178075,matches
eur_1e-05_same_dir_weight,EUR,1e-05,43387,43171,279,63,99.1,0.000464123271140815,matches
eur_1e-06_same_dir_weight,EUR,1e-06,43234,43018,279,63,99.16,0.00046426979646412123,matches
eur_1e-07_same_dir_weight,EUR,1e-07,27914,27846,13557,13489,5.43,0.0006637990547501461,does NOT match
eur_1e-08_same_dir_weight,EUR,1e-08,20299,20094,12904,12699,1.7,0.0008817253601848096,does NOT match
eur_1e-09_same_dir_weight,EUR,1e-09,15612,15447,11246,11081,1.92,0.0011324771805848112,does NOT match
eur_1e-10_same_dir_weight,EUR,1e-10,12372,12268,9584,9480,1.72,0.0014078954778397252,does NOT match
eur_1e-11_same_dir_weight,EUR,1e-11,9985,9888,8205,8108,1.52,0.001724554202738592,does NOT match
eur_1e-12_same_dir_weight,EUR,1e-12,8571,8482,7205,7116,1.24,0.0018820341024579365,does NOT match
meta_1e-04_same_dir_weight,META,0.0001,41678,41504,258,84,97.04,0.0010227877101828744,matches
meta_1e-05_same_dir_weight,META,1e-05,36764,36662,199,97,94.88,0.0013774484145568748,matches
meta_1e-06_same_dir_weight,META,1e-06,29971,29947,178,154,93.44,0.0015844847255672455,matches
meta_1e-07_same_dir_weight,META,1e-07,23011,23054,13168,13211,6.2,0.0017791694836850158,does NOT match
meta_1e-08_same_dir_weight,META,1e-08,17839,18086,12024,12271,2.65,0.0019637877538195674,does NOT match
meta_1e-09_same_dir_weight,META,1e-09,13868,14058,10399,10589,1.79,0.0021280217909431394,does NOT match
meta_1e-10_same_dir_weight,META,1e-10,11053,11252,8769,8968,2.41,0.002312780424626486,does NOT match
meta_1e-11_same_dir_weight,META,1e-11,9065,9290,7537,7762,2.81,0.0025032542304996496,does NOT match
meta_1e-12_same_dir_weight,META,1e-12,7526,7790,6432,6696,2.47,0.0026816840976133013,does NOT match
