ancestry,lead_rsid,chrom,lead_pos,span_start,span_end,n_snps,neighbours_reached,shared_snp_weight,is_apol1,is_tcf7l2
AFR,rs9622362,22,36260398,36026856,36747187,481,39,3993,True,False
AFR,rs7292101,22,35695911,35196622,35734510,78,13,148,False,False
AFR,rs5750077,22,35195815,34905605,35195815,30,4,56,False,False
AFR,rs7903146,10,112998590,112998590,113057250,2,40,48,False,True
AFR,rs10427778,22,37023301,36775567,37434045,15,9,22,False,False
AFR,rs2281100,22,37571425,37571425,37571425,1,5,5,False,False
AFR,rs186742570,13,88118281,88067396,88118281,4,1,4,False,False
AFR,rs970305314,17,1799375,1799375,1799375,1,1,1,False,False
AFR,rs3906559,19,17215104,17191438,17215104,5,1,1,False,False
AFR,rs547313049,1,66357534,66357534,66357534,1,1,1,False,False
AFR,rs242993,22,34101415,34073303,34101415,2,1,1,False,False
AFR,rs75667267,1,185041236,184920862,185403233,7,0,0,False,False
AFR,rs61360017,11,69667300,69667300,69667300,1,0,0,False,False
AFR,rs57167448,3,154052885,154052885,154052885,1,0,0,False,False
AFR,rs112662978,8,61518797,61512900,61518797,2,0,0,False,False
AFR,rs11138913,9,80926877,80926877,80926877,1,0,0,False,False
AFR,rs9427119,1,154665892,154665892,154665892,1,0,0,False,False
AFR,rs5749631,22,33569020,33569020,33569020,1,0,0,False,False
AFR,rs186705016,10,126380147,126380147,126380147,1,0,0,False,False
AFR,rs535764506,2,169656753,169547676,169656753,3,0,0,False,False
AFR,rs533295090,1,78450934,78450559,78450934,2,0,0,False,False
AFR,rs575629703,19,49049619,49049619,49049619,1,0,0,False,False
AFR,rs138425849,1,19490286,19490286,19490286,1,0,0,False,False
AFR,rs544891760,4,59644049,59525057,59644049,2,0,0,False,False
AFR,rs192853102,9,6826806,6826806,6830867,2,0,0,False,False
AFR,rs75232751,16,3316740,3258835,3318493,4,0,0,False,False
AFR,rs573682310,18,10392423,10392423,10392423,1,0,0,False,False
AFR,rs74348417,16,10738260,10738260,10738260,1,0,0,False,False
AFR,rs115523073,7,82753838,82749143,82753838,2,0,0,False,False
AFR,rs796774237,3,192751981,192751981,192751981,1,0,0,False,False
AFR,rs538246170,8,138426591,138426591,138426591,1,0,0,False,False
AFR,rs78652169,6,96044045,96044045,96044045,1,0,0,False,False
EUR,rs4948524,10,58591464,58504611,58615138,316,20,4991,False,False
EUR,rs34872471,10,112994312,112990477,113058995,28,83,1548,False,True
EUR,rs12922822,16,20356323,20339137,20381010,32,31,767,False,False
EUR,rs17817288,16,53773852,53773852,53773852,1,90,90,False,False
EUR,rs9420637,10,94386376,94379758,94518638,9,2,18,False,False
EUR,rs111565436,17,38674206,38674206,38698254,11,1,11,False,False
EUR,rs75166367,2,162107791,162107791,162107791,1,7,7,False,False
EUR,rs111263147,4,145069308,144671809,145069308,41,1,7,False,False
EUR,rs76812436,3,82324732,82321020,82340390,8,1,6,False,False
EUR,rs142598645,2,58747845,58747845,58780158,4,1,4,False,False
EUR,rs41266311,6,168066030,168066030,168066030,1,1,1,False,False
EUR,rs7735993,5,141299794,141275659,141303190,32,0,0,False,False
EUR,rs190211746,6,164831189,164425562,164895894,6,0,0,False,False
EUR,rs186611644,17,373139,373139,373139,1,0,0,False,False
EUR,rs36168201,15,27348792,27348104,27348792,2,0,0,False,False
EUR,rs146465328,21,36898377,36898377,36898377,1,0,0,False,False
EUR,rs187690358,7,4921483,4921483,4921483,1,0,0,False,False
EUR,rs191307488,4,175770926,175770926,175770926,1,0,0,False,False
EUR,rs73062257,2,205638348,205638348,205638348,1,0,0,False,False
EUR,rs555712922,5,136600888,136600888,136600888,1,0,0,False,False
EUR,rs76612145,4,177969411,177969411,177969411,1,0,0,False,False
EUR,rs185318968,11,46411630,46411630,46411630,1,0,0,False,False
META,rs4948524,10,58591464,58504981,58615138,301,15,3593,False,False
META,rs9622363,22,36260509,36026856,36591044,252,36,1777,True,False
META,rs7903146,10,112998590,112990477,113058995,26,84,1285,False,True
META,rs28362063,16,20353690,20339137,20381010,31,24,608,False,False
META,rs7292101,22,35695911,35516738,35696965,4,9,14,False,False
META,rs75166367,2,162107791,162107791,162107791,1,5,5,False,False
META,rs12471461,2,58767764,58747845,58780158,4,1,4,False,False
META,rs970305314,17,1799375,1799375,1799375,1,1,1,False,False
META,rs9622490,22,36821760,36821760,37023301,2,1,1,False,False
META,rs41266311,6,168066030,168066030,168066030,1,1,1,False,False
META,rs117139471,1,185403233,184920862,185403233,7,0,0,False,False
META,rs190211746,6,164831189,164600049,164895894,5,0,0,False,False
META,rs186611644,17,373139,373139,373139,1,0,0,False,False
META,rs185318968,11,46411630,46411630,46411630,1,0,0,False,False
META,rs538246170,8,138426591,138426591,138426591,1,0,0,False,False
META,rs192853102,9,6826806,6826806,6830867,2,0,0,False,False
META,rs57167448,3,154052885,154052885,154052885,1,0,0,False,False
META,rs112662978,8,61518797,61512900,61518797,2,0,0,False,False
META,rs555712922,5,136600888,136600888,136600888,1,0,0,False,False
META,rs115523073,7,82753838,82749143,82753838,2,0,0,False,False
META,rs7393251,10,94465946,94465946,94465946,1,0,0,False,False
META,rs75232751,16,3316740,3316740,3318493,2,0,0,False,False
META,rs74348417,16,10738260,10738260,10738260,1,0,0,False,False
