target,ancestry,level,locus,lead_rsid,chrom,lead_pos,span_start,span_end,n_snps,n_edges,is_apol1
iron_deficiency_anemia,AFR,L0,1,rs34598529,11,5227100,4862748,5443086,40,23,False
iron_deficiency_anemia,AFR,L0,20,rs3874239,15,45039491,44994647,45116501,11,11,False
iron_deficiency_anemia,AFR,L0,0,rs13331259,16,249924,12965,700107,505,7,False
iron_deficiency_anemia,AFR,L0,3,rs980349,8,126058923,126058630,126071258,9,3,False
iron_deficiency_anemia,AFR,L0,2,rs12252337,10,19621016,19617029,19621016,2,1,False
iron_deficiency_anemia,AFR,L0,4,rs140396646,19,16913259,16858204,16913259,3,1,False
iron_deficiency_anemia,AFR,L0,5,rs570671228,2,112348334,112348334,112360082,3,1,False
iron_deficiency_anemia,AFR,L0,6,rs13023380,2,162297853,162297853,162297853,1,1,False
iron_deficiency_anemia,AFR,L0,7,rs375473499,7,148365742,148365742,148365742,1,1,False
iron_deficiency_anemia,AFR,L0,8,rs116390012,6,150146001,150146001,150146001,1,1,False
iron_deficiency_anemia,AFR,L0,9,rs2612618,8,64394004,64394004,64394727,3,1,False
iron_deficiency_anemia,AFR,L0,10,rs309132,2,135875441,135875441,135875441,1,1,False
iron_deficiency_anemia,AFR,L0,12,rs141719071,6,118708702,118708702,118708702,1,1,False
iron_deficiency_anemia,AFR,L0,13,rs143926560,17,7200498,7200498,7284966,3,1,False
iron_deficiency_anemia,AFR,L0,17,rs6854183,4,102758311,102758311,102758311,1,1,False
iron_deficiency_anemia,AFR,L1,1,rs34598529,11,5227100,4862748,5443086,40,22,False
iron_deficiency_anemia,AFR,L1,20,rs3874239,15,45039491,44994647,45116501,11,10,False
iron_deficiency_anemia,AFR,L1,0,rs13331259,16,249924,12965,700107,505,6,False
iron_deficiency_anemia,AFR,L1,3,rs980349,8,126058923,126058630,126071258,9,2,False
iron_deficiency_anemia,AFR,L2,1,rs34598529,11,5227100,4862748,5443086,40,22,False
iron_deficiency_anemia,AFR,L2,20,rs3874239,15,45039491,44994647,45116501,11,10,False
iron_deficiency_anemia,AFR,L2,0,rs13331259,16,249924,12965,700107,505,6,False
iron_deficiency_anemia,AFR,L2,3,rs980349,8,126058923,126058630,126071258,9,2,False
iron_deficiency_anemia,AFR,L3,1,rs34598529,11,5227100,4862748,5443086,40,17,False
iron_deficiency_anemia,AFR,L3,20,rs3874239,15,45039491,44994647,45116501,11,10,False
iron_deficiency_anemia,AFR,L3,0,rs13331259,16,249924,12965,700107,505,3,False
iron_deficiency_anemia,AFR,L3,3,rs980349,8,126058923,126058630,126071258,9,2,False
iron_deficiency_anemia,EUR,L0,3,rs56094641,16,53772541,53763996,53814649,116,137,False
iron_deficiency_anemia,EUR,L0,24,rs78837720,6,32548607,32540678,32582349,6,53,False
iron_deficiency_anemia,EUR,L0,29,rs112635299,14,94371805,94371805,94411531,3,31,False
iron_deficiency_anemia,EUR,L0,2,rs198851,6,26104404,25611598,26135271,330,29,False
iron_deficiency_anemia,EUR,L0,11,rs4083754,20,63644522,63644491,63707707,66,26,False
iron_deficiency_anemia,EUR,L0,4,rs17492120,6,25590083,25452555,25603965,42,15,False
iron_deficiency_anemia,EUR,L0,17,rs190942379,6,26910015,26687313,26910015,3,11,False
iron_deficiency_anemia,EUR,L0,0,rs2076085,22,37074001,37009376,37115036,139,9,False
iron_deficiency_anemia,EUR,L0,28,rs757460,16,317174,309567,359790,9,8,False
iron_deficiency_anemia,EUR,L0,19,rs10886430,10,119250744,119250744,119277642,2,7,False
iron_deficiency_anemia,EUR,L0,5,rs11549407,11,5226774,5226774,5226820,2,6,False
iron_deficiency_anemia,EUR,L0,6,rs2645490,17,59801148,59720804,59968885,107,4,False
iron_deficiency_anemia,EUR,L0,20,rs28360043,6,31117957,31117957,31117957,1,4,False
iron_deficiency_anemia,EUR,L0,1,rs2024050,7,75831075,75773993,75866349,20,3,False
iron_deficiency_anemia,EUR,L0,10,rs7819197,8,23521365,23059509,23523230,17,2,False
iron_deficiency_anemia,EUR,L0,22,rs17499330,2,117757355,117757355,117761971,2,2,False
iron_deficiency_anemia,EUR,L0,7,rs11453468,15,44962327,44838762,45122306,223,1,False
iron_deficiency_anemia,EUR,L0,8,rs142427808,18,33686688,33686688,33686688,1,1,False
iron_deficiency_anemia,EUR,L0,9,rs113219764,17,4426882,4426882,4426882,1,1,False
iron_deficiency_anemia,EUR,L0,12,rs117258678,7,27486654,27486654,27718142,10,1,False
iron_deficiency_anemia,EUR,L0,13,rs201556157,10,5370700,5353707,5376109,25,1,False
iron_deficiency_anemia,EUR,L0,14,rs13417744,2,117095508,117086973,117119843,25,1,False
iron_deficiency_anemia,EUR,L0,16,rs7320713,13,104895519,104893455,104932976,18,1,False
iron_deficiency_anemia,EUR,L0,26,rs181747846,6,154625929,154625929,154625929,1,1,False
iron_deficiency_anemia,EUR,L0,31,rs191924544,10,104017541,104017541,104017541,1,1,False
iron_deficiency_anemia,EUR,L0,32,rs34523089,17,58358748,58343736,58358748,3,1,False
iron_deficiency_anemia,EUR,L1,3,rs56094641,16,53772541,53763996,53814649,116,136,False
iron_deficiency_anemia,EUR,L1,24,rs78837720,6,32548607,32540678,32582349,6,53,False
iron_deficiency_anemia,EUR,L1,29,rs112635299,14,94371805,94371805,94411531,3,31,False
iron_deficiency_anemia,EUR,L1,2,rs198851,6,26104404,25611598,26135271,330,28,False
iron_deficiency_anemia,EUR,L1,11,rs4083754,20,63644522,63644491,63707707,66,25,False
iron_deficiency_anemia,EUR,L1,4,rs17492120,6,25590083,25452555,25603965,42,14,False
iron_deficiency_anemia,EUR,L1,17,rs190942379,6,26910015,26687313,26910015,3,10,False
iron_deficiency_anemia,EUR,L1,0,rs2076085,22,37074001,37009376,37115036,139,8,False
iron_deficiency_anemia,EUR,L1,28,rs757460,16,317174,309567,359790,9,7,False
iron_deficiency_anemia,EUR,L1,19,rs10886430,10,119250744,119250744,119277642,2,6,False
iron_deficiency_anemia,EUR,L1,5,rs11549407,11,5226774,5226774,5226820,2,5,False
iron_deficiency_anemia,EUR,L1,6,rs2645490,17,59801148,59720804,59968885,107,3,False
iron_deficiency_anemia,EUR,L1,20,rs28360043,6,31117957,31117957,31117957,1,3,False
iron_deficiency_anemia,EUR,L1,1,rs2024050,7,75831075,75773993,75866349,20,2,False
iron_deficiency_anemia,EUR,L1,22,rs17499330,2,117757355,117757355,117761971,2,2,False
iron_deficiency_anemia,EUR,L1,10,rs7819197,8,23521365,23059509,23523230,17,1,False
iron_deficiency_anemia,EUR,L2,3,rs56094641,16,53772541,53763996,53814649,116,135,False
iron_deficiency_anemia,EUR,L2,24,rs78837720,6,32548607,32540678,32582349,6,53,False
iron_deficiency_anemia,EUR,L2,29,rs112635299,14,94371805,94371805,94411531,3,31,False
iron_deficiency_anemia,EUR,L2,2,rs198851,6,26104404,25611598,26135271,330,28,False
iron_deficiency_anemia,EUR,L2,11,rs4083754,20,63644522,63644491,63707707,66,25,False
iron_deficiency_anemia,EUR,L2,4,rs17492120,6,25590083,25452555,25603965,42,14,False
iron_deficiency_anemia,EUR,L2,17,rs190942379,6,26910015,26687313,26910015,3,10,False
iron_deficiency_anemia,EUR,L2,0,rs2076085,22,37074001,37009376,37115036,139,8,False
iron_deficiency_anemia,EUR,L2,28,rs757460,16,317174,309567,359790,9,7,False
iron_deficiency_anemia,EUR,L2,19,rs10886430,10,119250744,119250744,119277642,2,6,False
iron_deficiency_anemia,EUR,L2,5,rs11549407,11,5226774,5226774,5226820,2,5,False
iron_deficiency_anemia,EUR,L2,6,rs2645490,17,59801148,59720804,59968885,107,3,False
iron_deficiency_anemia,EUR,L2,20,rs28360043,6,31117957,31117957,31117957,1,3,False
iron_deficiency_anemia,EUR,L2,22,rs17499330,2,117757355,117757355,117761971,2,2,False
iron_deficiency_anemia,EUR,L2,1,rs2024050,7,75831075,75773993,75866349,20,1,False
iron_deficiency_anemia,EUR,L2,10,rs7819197,8,23521365,23059509,23523230,17,1,False
iron_deficiency_anemia,EUR,L3,3,rs56094641,16,53772541,53763996,53814649,116,132,False
iron_deficiency_anemia,EUR,L3,24,rs78837720,6,32548607,32540678,32582349,6,52,False
iron_deficiency_anemia,EUR,L3,29,rs112635299,14,94371805,94371805,94411531,3,30,False
iron_deficiency_anemia,EUR,L3,2,rs198851,6,26104404,25611598,26135271,330,27,False
iron_deficiency_anemia,EUR,L3,11,rs4083754,20,63644522,63644491,63707707,66,25,False
iron_deficiency_anemia,EUR,L3,4,rs17492120,6,25590083,25452555,25603965,42,13,False
iron_deficiency_anemia,EUR,L3,17,rs190942379,6,26910015,26687313,26910015,3,9,False
iron_deficiency_anemia,EUR,L3,0,rs2076085,22,37074001,37009376,37115036,139,7,False
iron_deficiency_anemia,EUR,L3,28,rs757460,16,317174,309567,359790,9,7,False
iron_deficiency_anemia,EUR,L3,19,rs10886430,10,119250744,119250744,119277642,2,6,False
iron_deficiency_anemia,EUR,L3,6,rs2645490,17,59801148,59720804,59968885,107,3,False
iron_deficiency_anemia,EUR,L3,20,rs28360043,6,31117957,31117957,31117957,1,3,False
iron_deficiency_anemia,EUR,L3,5,rs11549407,11,5226774,5226774,5226820,2,2,False
iron_deficiency_anemia,EUR,L3,22,rs17499330,2,117757355,117757355,117761971,2,2,False
iron_deficiency_anemia,EUR,L3,1,rs2024050,7,75831075,75773993,75866349,20,1,False
iron_deficiency_anemia,EUR,L3,10,rs7819197,8,23521365,23059509,23523230,17,1,False
iron_deficiency_anemia,META,L0,7,rs55872725,16,53775211,53763996,53811575,108,136,False
iron_deficiency_anemia,META,L0,27,rs78837720,6,32548607,32540678,32582349,6,54,False
iron_deficiency_anemia,META,L0,33,rs112635299,14,94371805,94371805,94411531,3,30,False
iron_deficiency_anemia,META,L0,2,rs198851,6,26104404,25611598,26135271,325,26,False
iron_deficiency_anemia,META,L0,29,rs2738783,20,63677259,63644491,63706054,56,25,False
iron_deficiency_anemia,META,L0,4,rs11549407,11,5226774,5082821,5335737,13,24,False
iron_deficiency_anemia,META,L0,0,rs13331259,16,249924,32334,573538,408,15,False
iron_deficiency_anemia,META,L0,6,rs17492120,6,25590083,25452555,25603965,37,14,False
iron_deficiency_anemia,META,L0,13,rs190942379,6,26910015,26687313,26910015,3,11,False
iron_deficiency_anemia,META,L0,1,rs855791,22,37066896,37009376,37100807,125,9,False
iron_deficiency_anemia,META,L0,35,rs10886430,10,119250744,119250744,119277642,2,7,False
iron_deficiency_anemia,META,L0,5,rs3874239,15,45039491,44838762,45122306,223,6,False
iron_deficiency_anemia,META,L0,10,rs2645474,17,59791240,59720804,59968885,107,4,False
iron_deficiency_anemia,META,L0,28,rs28360043,6,31117957,31117957,31117957,1,4,False
iron_deficiency_anemia,META,L0,3,rs7780383,7,75833256,75773993,75866349,20,3,False
iron_deficiency_anemia,META,L0,8,rs7009973,8,23516941,23059509,23523230,17,2,False
iron_deficiency_anemia,META,L0,32,rs17499330,2,117757355,117757355,117761971,2,2,False
iron_deficiency_anemia,META,L0,11,rs12249004,10,19617029,19617029,19621016,2,1,False
iron_deficiency_anemia,META,L0,12,rs143926560,17,7200498,7200498,7284966,3,1,False
iron_deficiency_anemia,META,L0,15,rs34523089,17,58358748,58343736,58358748,3,1,False
iron_deficiency_anemia,META,L0,16,rs117258678,7,27486654,27486654,27718142,10,1,False
iron_deficiency_anemia,META,L0,17,rs140396646,19,16913259,16858204,16913259,3,1,False
iron_deficiency_anemia,META,L0,18,rs141719071,6,118708702,118708702,118708702,1,1,False
iron_deficiency_anemia,META,L0,21,rs113219764,17,4426882,4426882,4426882,1,1,False
iron_deficiency_anemia,META,L0,22,rs191924544,10,104017541,104017541,104017541,1,1,False
iron_deficiency_anemia,META,L0,23,rs13417744,2,117095508,117086973,117119843,25,1,False
iron_deficiency_anemia,META,L0,24,rs113140353,10,5371278,5353707,5376109,25,1,False
iron_deficiency_anemia,META,L0,25,rs6854183,4,102758311,102758311,102758311,1,1,False
iron_deficiency_anemia,META,L0,26,rs116390012,6,150146001,150146001,150146001,1,1,False
iron_deficiency_anemia,META,L0,34,rs9519511,13,104893455,104893455,104921966,9,1,False
iron_deficiency_anemia,META,L0,37,rs181747846,6,154625929,154625929,154625929,1,1,False
iron_deficiency_anemia,META,L1,7,rs55872725,16,53775211,53763996,53811575,108,135,False
iron_deficiency_anemia,META,L1,27,rs78837720,6,32548607,32540678,32582349,6,54,False
iron_deficiency_anemia,META,L1,33,rs112635299,14,94371805,94371805,94411531,3,30,False
iron_deficiency_anemia,META,L1,2,rs198851,6,26104404,25611598,26135271,325,25,False
iron_deficiency_anemia,META,L1,29,rs2738783,20,63677259,63644491,63706054,56,24,False
iron_deficiency_anemia,META,L1,4,rs11549407,11,5226774,5082821,5335737,13,23,False
iron_deficiency_anemia,META,L1,0,rs13331259,16,249924,32334,573538,408,14,False
iron_deficiency_anemia,META,L1,6,rs17492120,6,25590083,25452555,25603965,37,13,False
iron_deficiency_anemia,META,L1,13,rs190942379,6,26910015,26687313,26910015,3,10,False
iron_deficiency_anemia,META,L1,1,rs855791,22,37066896,37009376,37100807,125,8,False
iron_deficiency_anemia,META,L1,35,rs10886430,10,119250744,119250744,119277642,2,6,False
iron_deficiency_anemia,META,L1,5,rs3874239,15,45039491,44838762,45122306,223,5,False
iron_deficiency_anemia,META,L1,10,rs2645474,17,59791240,59720804,59968885,107,3,False
iron_deficiency_anemia,META,L1,28,rs28360043,6,31117957,31117957,31117957,1,3,False
iron_deficiency_anemia,META,L1,3,rs7780383,7,75833256,75773993,75866349,20,2,False
iron_deficiency_anemia,META,L1,32,rs17499330,2,117757355,117757355,117761971,2,2,False
iron_deficiency_anemia,META,L1,8,rs7009973,8,23516941,23059509,23523230,17,1,False
iron_deficiency_anemia,META,L2,7,rs55872725,16,53775211,53763996,53811575,108,134,False
iron_deficiency_anemia,META,L2,27,rs78837720,6,32548607,32540678,32582349,6,54,False
iron_deficiency_anemia,META,L2,33,rs112635299,14,94371805,94371805,94411531,3,30,False
iron_deficiency_anemia,META,L2,2,rs198851,6,26104404,25611598,26135271,325,25,False
iron_deficiency_anemia,META,L2,29,rs2738783,20,63677259,63644491,63706054,56,24,False
iron_deficiency_anemia,META,L2,4,rs11549407,11,5226774,5082821,5335737,13,23,False
iron_deficiency_anemia,META,L2,0,rs13331259,16,249924,32334,573538,408,14,False
iron_deficiency_anemia,META,L2,6,rs17492120,6,25590083,25452555,25603965,37,13,False
iron_deficiency_anemia,META,L2,13,rs190942379,6,26910015,26687313,26910015,3,10,False
iron_deficiency_anemia,META,L2,1,rs855791,22,37066896,37009376,37100807,125,8,False
iron_deficiency_anemia,META,L2,35,rs10886430,10,119250744,119250744,119277642,2,6,False
iron_deficiency_anemia,META,L2,5,rs3874239,15,45039491,44838762,45122306,223,5,False
iron_deficiency_anemia,META,L2,10,rs2645474,17,59791240,59720804,59968885,107,3,False
iron_deficiency_anemia,META,L2,28,rs28360043,6,31117957,31117957,31117957,1,3,False
iron_deficiency_anemia,META,L2,32,rs17499330,2,117757355,117757355,117761971,2,2,False
iron_deficiency_anemia,META,L2,3,rs7780383,7,75833256,75773993,75866349,20,1,False
iron_deficiency_anemia,META,L2,8,rs7009973,8,23516941,23059509,23523230,17,1,False
iron_deficiency_anemia,META,L3,7,rs55872725,16,53775211,53763996,53811575,108,131,False
iron_deficiency_anemia,META,L3,27,rs78837720,6,32548607,32540678,32582349,6,54,False
iron_deficiency_anemia,META,L3,33,rs112635299,14,94371805,94371805,94411531,3,29,False
iron_deficiency_anemia,META,L3,2,rs198851,6,26104404,25611598,26135271,325,24,False
iron_deficiency_anemia,META,L3,29,rs2738783,20,63677259,63644491,63706054,56,24,False
iron_deficiency_anemia,META,L3,4,rs11549407,11,5226774,5082821,5335737,13,18,False
iron_deficiency_anemia,META,L3,6,rs17492120,6,25590083,25452555,25603965,37,12,False
iron_deficiency_anemia,META,L3,0,rs13331259,16,249924,32334,573538,408,11,False
iron_deficiency_anemia,META,L3,13,rs190942379,6,26910015,26687313,26910015,3,9,False
iron_deficiency_anemia,META,L3,1,rs855791,22,37066896,37009376,37100807,125,7,False
iron_deficiency_anemia,META,L3,35,rs10886430,10,119250744,119250744,119277642,2,6,False
iron_deficiency_anemia,META,L3,5,rs3874239,15,45039491,44838762,45122306,223,5,False
iron_deficiency_anemia,META,L3,10,rs2645474,17,59791240,59720804,59968885,107,3,False
iron_deficiency_anemia,META,L3,28,rs28360043,6,31117957,31117957,31117957,1,3,False
iron_deficiency_anemia,META,L3,32,rs17499330,2,117757355,117757355,117761971,2,2,False
iron_deficiency_anemia,META,L3,3,rs7780383,7,75833256,75773993,75866349,20,1,False
iron_deficiency_anemia,META,L3,8,rs7009973,8,23516941,23059509,23523230,17,1,False
