target,phecode,ancestry,threshold,level,metric,value
ESRD,585.32,AFR,0.0001,L0,degree,86
ESRD,585.32,AFR,0.0001,L0,weighted_degree,4755
ESRD,585.32,AFR,0.0001,L0,within_cluster_frac_by_count,0.20930232558139536
ESRD,585.32,AFR,0.0001,L0,within_cluster_frac_by_weight,0.7028391167192429
ESRD,585.32,AFR,0.0001,L0,genitourinary_frac_by_count,0.18604651162790697
ESRD,585.32,AFR,0.0001,L0,genitourinary_frac_by_weight,0.5743427970557308
ESRD,585.32,AFR,0.0001,L0,synergistic_frac_by_weight,0.9976866456361725
ESRD,585.32,AFR,0.0001,L0,synergistic_frac_by_edge,0.9302325581395349
ESRD,585.32,AFR,0.0001,L0,shared_loci,
ESRD,585.32,AFR,0.0001,L1,degree,84
ESRD,585.32,AFR,0.0001,L1,weighted_degree,4386
ESRD,585.32,AFR,0.0001,L1,within_cluster_frac_by_count,0.19047619047619047
ESRD,585.32,AFR,0.0001,L1,within_cluster_frac_by_weight,0.6778385772913816
ESRD,585.32,AFR,0.0001,L1,genitourinary_frac_by_count,0.16666666666666666
ESRD,585.32,AFR,0.0001,L1,genitourinary_frac_by_weight,0.538531691746466
ESRD,585.32,AFR,0.0001,L1,synergistic_frac_by_weight,0.9974920200638395
ESRD,585.32,AFR,0.0001,L1,synergistic_frac_by_edge,0.9285714285714286
ESRD,585.32,AFR,0.0001,L1,shared_loci,
ESRD,585.32,AFR,0.0001,L2,degree,80
ESRD,585.32,AFR,0.0001,L2,weighted_degree,3404
ESRD,585.32,AFR,0.0001,L2,within_cluster_frac_by_count,0.15
ESRD,585.32,AFR,0.0001,L2,within_cluster_frac_by_weight,0.5849001175088132
ESRD,585.32,AFR,0.0001,L2,genitourinary_frac_by_count,0.125
ESRD,585.32,AFR,0.0001,L2,genitourinary_frac_by_weight,0.40540540540540543
ESRD,585.32,AFR,0.0001,L2,synergistic_frac_by_weight,0.9970622796709753
ESRD,585.32,AFR,0.0001,L2,synergistic_frac_by_edge,0.925
ESRD,585.32,AFR,0.0001,L2,shared_loci,
ESRD,585.32,AFR,0.0001,L3_partial,degree,80
ESRD,585.32,AFR,0.0001,L3_partial,weighted_degree,3404
ESRD,585.32,AFR,0.0001,L3_partial,within_cluster_frac_by_count,0.15
ESRD,585.32,AFR,0.0001,L3_partial,within_cluster_frac_by_weight,0.5849001175088132
ESRD,585.32,AFR,0.0001,L3_partial,genitourinary_frac_by_count,0.125
ESRD,585.32,AFR,0.0001,L3_partial,genitourinary_frac_by_weight,0.40540540540540543
ESRD,585.32,AFR,0.0001,L3_partial,synergistic_frac_by_weight,0.9970622796709753
ESRD,585.32,AFR,0.0001,L3_partial,synergistic_frac_by_edge,0.925
ESRD,585.32,AFR,0.0001,L3_partial,shared_loci,
ESRD,585.32,AFR,0.0001,L4,degree,70
ESRD,585.32,AFR,0.0001,L4,weighted_degree,2024
ESRD,585.32,AFR,0.0001,L4,within_cluster_frac_by_count,0.02857142857142857
ESRD,585.32,AFR,0.0001,L4,within_cluster_frac_by_weight,0.3018774703557312
ESRD,585.32,AFR,0.0001,L4,genitourinary_frac_by_count,0.0
ESRD,585.32,AFR,0.0001,L4,genitourinary_frac_by_weight,0.0
ESRD,585.32,AFR,0.0001,L4,synergistic_frac_by_weight,0.9950592885375494
ESRD,585.32,AFR,0.0001,L4,synergistic_frac_by_edge,0.9142857142857143
ESRD,585.32,AFR,0.0001,L4,shared_loci,
ESRD,585.32,AFR,1e-08,L0,degree,29
ESRD,585.32,AFR,1e-08,L0,weighted_degree,2352
ESRD,585.32,AFR,1e-08,L0,within_cluster_frac_by_count,0.5172413793103449
ESRD,585.32,AFR,1e-08,L0,within_cluster_frac_by_weight,0.7525510204081632
ESRD,585.32,AFR,1e-08,L0,genitourinary_frac_by_count,0.4482758620689655
ESRD,585.32,AFR,1e-08,L0,genitourinary_frac_by_weight,0.6335034013605442
ESRD,585.32,AFR,1e-08,L0,synergistic_frac_by_weight,1.0
ESRD,585.32,AFR,1e-08,L0,synergistic_frac_by_edge,1.0
ESRD,585.32,AFR,1e-08,L0,shared_loci,
ESRD,585.32,AFR,1e-08,L1,degree,27
ESRD,585.32,AFR,1e-08,L1,weighted_degree,2129
ESRD,585.32,AFR,1e-08,L1,within_cluster_frac_by_count,0.48148148148148145
ESRD,585.32,AFR,1e-08,L1,within_cluster_frac_by_weight,0.7266322217003288
ESRD,585.32,AFR,1e-08,L1,genitourinary_frac_by_count,0.4074074074074074
ESRD,585.32,AFR,1e-08,L1,genitourinary_frac_by_weight,0.5951150775011742
ESRD,585.32,AFR,1e-08,L1,synergistic_frac_by_weight,1.0
ESRD,585.32,AFR,1e-08,L1,synergistic_frac_by_edge,1.0
ESRD,585.32,AFR,1e-08,L1,shared_loci,
ESRD,585.32,AFR,1e-08,L2,degree,23
ESRD,585.32,AFR,1e-08,L2,weighted_degree,1601
ESRD,585.32,AFR,1e-08,L2,within_cluster_frac_by_count,0.391304347826087
ESRD,585.32,AFR,1e-08,L2,within_cluster_frac_by_weight,0.636477201748907
ESRD,585.32,AFR,1e-08,L2,genitourinary_frac_by_count,0.30434782608695654
ESRD,585.32,AFR,1e-08,L2,genitourinary_frac_by_weight,0.46158650843222987
ESRD,585.32,AFR,1e-08,L2,synergistic_frac_by_weight,1.0
ESRD,585.32,AFR,1e-08,L2,synergistic_frac_by_edge,1.0
ESRD,585.32,AFR,1e-08,L2,shared_loci,
ESRD,585.32,AFR,1e-08,L3_partial,degree,23
ESRD,585.32,AFR,1e-08,L3_partial,weighted_degree,1601
ESRD,585.32,AFR,1e-08,L3_partial,within_cluster_frac_by_count,0.391304347826087
ESRD,585.32,AFR,1e-08,L3_partial,within_cluster_frac_by_weight,0.636477201748907
ESRD,585.32,AFR,1e-08,L3_partial,genitourinary_frac_by_count,0.30434782608695654
ESRD,585.32,AFR,1e-08,L3_partial,genitourinary_frac_by_weight,0.46158650843222987
ESRD,585.32,AFR,1e-08,L3_partial,synergistic_frac_by_weight,1.0
ESRD,585.32,AFR,1e-08,L3_partial,synergistic_frac_by_edge,1.0
ESRD,585.32,AFR,1e-08,L3_partial,shared_loci,
ESRD,585.32,AFR,1e-08,L4,degree,16
ESRD,585.32,AFR,1e-08,L4,weighted_degree,862
ESRD,585.32,AFR,1e-08,L4,within_cluster_frac_by_count,0.125
ESRD,585.32,AFR,1e-08,L4,within_cluster_frac_by_weight,0.3248259860788863
ESRD,585.32,AFR,1e-08,L4,genitourinary_frac_by_count,0.0
ESRD,585.32,AFR,1e-08,L4,genitourinary_frac_by_weight,0.0
ESRD,585.32,AFR,1e-08,L4,synergistic_frac_by_weight,1.0
ESRD,585.32,AFR,1e-08,L4,synergistic_frac_by_edge,1.0
ESRD,585.32,AFR,1e-08,L4,shared_loci,
ESRD,585.32,EUR,0.0001,L0,degree,142
ESRD,585.32,EUR,0.0001,L0,weighted_degree,8128
ESRD,585.32,EUR,0.0001,L0,within_cluster_frac_by_count,0.19014084507042253
ESRD,585.32,EUR,0.0001,L0,within_cluster_frac_by_weight,0.36835629921259844
ESRD,585.32,EUR,0.0001,L0,genitourinary_frac_by_count,0.14788732394366197
ESRD,585.32,EUR,0.0001,L0,genitourinary_frac_by_weight,0.2704232283464567
ESRD,585.32,EUR,0.0001,L0,synergistic_frac_by_weight,0.7995816929133859
ESRD,585.32,EUR,0.0001,L0,synergistic_frac_by_edge,0.7605633802816901
ESRD,585.32,EUR,0.0001,L0,shared_loci,
ESRD,585.32,EUR,0.0001,L1,degree,140
ESRD,585.32,EUR,0.0001,L1,weighted_degree,7330
ESRD,585.32,EUR,0.0001,L1,within_cluster_frac_by_count,0.17857142857142858
ESRD,585.32,EUR,0.0001,L1,within_cluster_frac_by_weight,0.29959072305593454
ESRD,585.32,EUR,0.0001,L1,genitourinary_frac_by_count,0.1357142857142857
ESRD,585.32,EUR,0.0001,L1,genitourinary_frac_by_weight,0.19099590723055934
ESRD,585.32,EUR,0.0001,L1,synergistic_frac_by_weight,0.7780354706684857
ESRD,585.32,EUR,0.0001,L1,synergistic_frac_by_edge,0.7571428571428571
ESRD,585.32,EUR,0.0001,L1,shared_loci,
ESRD,585.32,EUR,0.0001,L2,degree,134
ESRD,585.32,EUR,0.0001,L2,weighted_degree,6300
ESRD,585.32,EUR,0.0001,L2,within_cluster_frac_by_count,0.1417910447761194
ESRD,585.32,EUR,0.0001,L2,within_cluster_frac_by_weight,0.18507936507936507
ESRD,585.32,EUR,0.0001,L2,genitourinary_frac_by_count,0.09701492537313433
ESRD,585.32,EUR,0.0001,L2,genitourinary_frac_by_weight,0.05873015873015873
ESRD,585.32,EUR,0.0001,L2,synergistic_frac_by_weight,0.7422222222222222
ESRD,585.32,EUR,0.0001,L2,synergistic_frac_by_edge,0.746268656716418
ESRD,585.32,EUR,0.0001,L2,shared_loci,
ESRD,585.32,EUR,0.0001,L3_partial,degree,134
ESRD,585.32,EUR,0.0001,L3_partial,weighted_degree,6300
ESRD,585.32,EUR,0.0001,L3_partial,within_cluster_frac_by_count,0.1417910447761194
ESRD,585.32,EUR,0.0001,L3_partial,within_cluster_frac_by_weight,0.18507936507936507
ESRD,585.32,EUR,0.0001,L3_partial,genitourinary_frac_by_count,0.09701492537313433
ESRD,585.32,EUR,0.0001,L3_partial,genitourinary_frac_by_weight,0.05873015873015873
ESRD,585.32,EUR,0.0001,L3_partial,synergistic_frac_by_weight,0.7422222222222222
ESRD,585.32,EUR,0.0001,L3_partial,synergistic_frac_by_edge,0.746268656716418
ESRD,585.32,EUR,0.0001,L3_partial,shared_loci,
ESRD,585.32,EUR,0.0001,L4,degree,121
ESRD,585.32,EUR,0.0001,L4,weighted_degree,5930
ESRD,585.32,EUR,0.0001,L4,within_cluster_frac_by_count,0.049586776859504134
ESRD,585.32,EUR,0.0001,L4,within_cluster_frac_by_weight,0.1342327150084317
ESRD,585.32,EUR,0.0001,L4,genitourinary_frac_by_count,0.0
ESRD,585.32,EUR,0.0001,L4,genitourinary_frac_by_weight,0.0
ESRD,585.32,EUR,0.0001,L4,synergistic_frac_by_weight,0.7699831365935919
ESRD,585.32,EUR,0.0001,L4,synergistic_frac_by_edge,0.7933884297520661
ESRD,585.32,EUR,0.0001,L4,shared_loci,
ESRD,585.32,EUR,1e-08,L0,degree,75
ESRD,585.32,EUR,1e-08,L0,weighted_degree,4223
ESRD,585.32,EUR,1e-08,L0,within_cluster_frac_by_count,0.25333333333333335
ESRD,585.32,EUR,1e-08,L0,within_cluster_frac_by_weight,0.3587497040018944
ESRD,585.32,EUR,1e-08,L0,genitourinary_frac_by_count,0.21333333333333335
ESRD,585.32,EUR,1e-08,L0,genitourinary_frac_by_weight,0.34004262372720817
ESRD,585.32,EUR,1e-08,L0,synergistic_frac_by_weight,0.7156050201278712
ESRD,585.32,EUR,1e-08,L0,synergistic_frac_by_edge,0.7333333333333333
ESRD,585.32,EUR,1e-08,L0,shared_loci,
ESRD,585.32,EUR,1e-08,L1,degree,73
ESRD,585.32,EUR,1e-08,L1,weighted_degree,3510
ESRD,585.32,EUR,1e-08,L1,within_cluster_frac_by_count,0.2328767123287671
ESRD,585.32,EUR,1e-08,L1,within_cluster_frac_by_weight,0.2284900284900285
ESRD,585.32,EUR,1e-08,L1,genitourinary_frac_by_count,0.1917808219178082
ESRD,585.32,EUR,1e-08,L1,genitourinary_frac_by_weight,0.20598290598290597
ESRD,585.32,EUR,1e-08,L1,synergistic_frac_by_weight,0.6584045584045584
ESRD,585.32,EUR,1e-08,L1,synergistic_frac_by_edge,0.726027397260274
ESRD,585.32,EUR,1e-08,L1,shared_loci,
ESRD,585.32,EUR,1e-08,L2,degree,69
ESRD,585.32,EUR,1e-08,L2,weighted_degree,3056
ESRD,585.32,EUR,1e-08,L2,within_cluster_frac_by_count,0.18840579710144928
ESRD,585.32,EUR,1e-08,L2,within_cluster_frac_by_weight,0.11387434554973822
ESRD,585.32,EUR,1e-08,L2,genitourinary_frac_by_count,0.14492753623188406
ESRD,585.32,EUR,1e-08,L2,genitourinary_frac_by_weight,0.08802356020942409
ESRD,585.32,EUR,1e-08,L2,synergistic_frac_by_weight,0.6079842931937173
ESRD,585.32,EUR,1e-08,L2,synergistic_frac_by_edge,0.7101449275362319
ESRD,585.32,EUR,1e-08,L2,shared_loci,
ESRD,585.32,EUR,1e-08,L3_partial,degree,69
ESRD,585.32,EUR,1e-08,L3_partial,weighted_degree,3056
ESRD,585.32,EUR,1e-08,L3_partial,within_cluster_frac_by_count,0.18840579710144928
ESRD,585.32,EUR,1e-08,L3_partial,within_cluster_frac_by_weight,0.11387434554973822
ESRD,585.32,EUR,1e-08,L3_partial,genitourinary_frac_by_count,0.14492753623188406
ESRD,585.32,EUR,1e-08,L3_partial,genitourinary_frac_by_weight,0.08802356020942409
ESRD,585.32,EUR,1e-08,L3_partial,synergistic_frac_by_weight,0.6079842931937173
ESRD,585.32,EUR,1e-08,L3_partial,synergistic_frac_by_edge,0.7101449275362319
ESRD,585.32,EUR,1e-08,L3_partial,shared_loci,
ESRD,585.32,EUR,1e-08,L4,degree,59
ESRD,585.32,EUR,1e-08,L4,weighted_degree,2787
ESRD,585.32,EUR,1e-08,L4,within_cluster_frac_by_count,0.05084745762711865
ESRD,585.32,EUR,1e-08,L4,within_cluster_frac_by_weight,0.02834589163975601
ESRD,585.32,EUR,1e-08,L4,genitourinary_frac_by_count,0.0
ESRD,585.32,EUR,1e-08,L4,genitourinary_frac_by_weight,0.0
ESRD,585.32,EUR,1e-08,L4,synergistic_frac_by_weight,0.6401148188015787
ESRD,585.32,EUR,1e-08,L4,synergistic_frac_by_edge,0.7796610169491526
ESRD,585.32,EUR,1e-08,L4,shared_loci,
ESRD,585.32,META,0.0001,L0,degree,160
ESRD,585.32,META,0.0001,L0,weighted_degree,10227
ESRD,585.32,META,0.0001,L0,within_cluster_frac_by_count,0.2
ESRD,585.32,META,0.0001,L0,within_cluster_frac_by_weight,0.48909748704409894
ESRD,585.32,META,0.0001,L0,genitourinary_frac_by_count,0.16875
ESRD,585.32,META,0.0001,L0,genitourinary_frac_by_weight,0.3757700205338809
ESRD,585.32,META,0.0001,L0,synergistic_frac_by_weight,0.8453114305270363
ESRD,585.32,META,0.0001,L0,synergistic_frac_by_edge,0.78125
ESRD,585.32,META,0.0001,L0,shared_loci,
ESRD,585.32,META,0.0001,L1,degree,158
ESRD,585.32,META,0.0001,L1,weighted_degree,9208
ESRD,585.32,META,0.0001,L1,within_cluster_frac_by_count,0.189873417721519
ESRD,585.32,META,0.0001,L1,within_cluster_frac_by_weight,0.43255864465682015
ESRD,585.32,META,0.0001,L1,genitourinary_frac_by_count,0.15822784810126583
ESRD,585.32,META,0.0001,L1,genitourinary_frac_by_weight,0.30668983492615115
ESRD,585.32,META,0.0001,L1,synergistic_frac_by_weight,0.8283014769765421
ESRD,585.32,META,0.0001,L1,synergistic_frac_by_edge,0.7784810126582279
ESRD,585.32,META,0.0001,L1,shared_loci,
ESRD,585.32,META,0.0001,L2,degree,152
ESRD,585.32,META,0.0001,L2,weighted_degree,7533
ESRD,585.32,META,0.0001,L2,within_cluster_frac_by_count,0.15789473684210525
ESRD,585.32,META,0.0001,L2,within_cluster_frac_by_weight,0.30638523828487985
ESRD,585.32,META,0.0001,L2,genitourinary_frac_by_count,0.125
ESRD,585.32,META,0.0001,L2,genitourinary_frac_by_weight,0.1525288729589805
ESRD,585.32,META,0.0001,L2,synergistic_frac_by_weight,0.7903889552635073
ESRD,585.32,META,0.0001,L2,synergistic_frac_by_edge,0.7697368421052632
ESRD,585.32,META,0.0001,L2,shared_loci,
ESRD,585.32,META,0.0001,L3_partial,degree,152
ESRD,585.32,META,0.0001,L3_partial,weighted_degree,7533
ESRD,585.32,META,0.0001,L3_partial,within_cluster_frac_by_count,0.15789473684210525
ESRD,585.32,META,0.0001,L3_partial,within_cluster_frac_by_weight,0.30638523828487985
ESRD,585.32,META,0.0001,L3_partial,genitourinary_frac_by_count,0.125
ESRD,585.32,META,0.0001,L3_partial,genitourinary_frac_by_weight,0.1525288729589805
ESRD,585.32,META,0.0001,L3_partial,synergistic_frac_by_weight,0.7903889552635073
ESRD,585.32,META,0.0001,L3_partial,synergistic_frac_by_edge,0.7697368421052632
ESRD,585.32,META,0.0001,L3_partial,shared_loci,
ESRD,585.32,META,0.0001,L4,degree,133
ESRD,585.32,META,0.0001,L4,weighted_degree,6384
ESRD,585.32,META,0.0001,L4,within_cluster_frac_by_count,0.03759398496240601
ESRD,585.32,META,0.0001,L4,within_cluster_frac_by_weight,0.18154761904761904
ESRD,585.32,META,0.0001,L4,genitourinary_frac_by_count,0.0
ESRD,585.32,META,0.0001,L4,genitourinary_frac_by_weight,0.0
ESRD,585.32,META,0.0001,L4,synergistic_frac_by_weight,0.7927631578947368
ESRD,585.32,META,0.0001,L4,synergistic_frac_by_edge,0.8045112781954887
ESRD,585.32,META,0.0001,L4,shared_loci,
ESRD,585.32,META,1e-08,L0,degree,95
ESRD,585.32,META,1e-08,L0,weighted_degree,4257
ESRD,585.32,META,1e-08,L0,within_cluster_frac_by_count,0.24210526315789474
ESRD,585.32,META,1e-08,L0,within_cluster_frac_by_weight,0.43058491895701195
ESRD,585.32,META,1e-08,L0,genitourinary_frac_by_count,0.21052631578947367
ESRD,585.32,META,1e-08,L0,genitourinary_frac_by_weight,0.38172421893352126
ESRD,585.32,META,1e-08,L0,synergistic_frac_by_weight,0.8607000234907212
ESRD,585.32,META,1e-08,L0,synergistic_frac_by_edge,0.8526315789473684
ESRD,585.32,META,1e-08,L0,shared_loci,
ESRD,585.32,META,1e-08,L1,degree,93
ESRD,585.32,META,1e-08,L1,weighted_degree,3862
ESRD,585.32,META,1e-08,L1,within_cluster_frac_by_count,0.22580645161290322
ESRD,585.32,META,1e-08,L1,within_cluster_frac_by_weight,0.3723459347488348
ESRD,585.32,META,1e-08,L1,genitourinary_frac_by_count,0.1935483870967742
ESRD,585.32,META,1e-08,L1,genitourinary_frac_by_weight,0.3184878301398239
ESRD,585.32,META,1e-08,L1,synergistic_frac_by_weight,0.8464526152252719
ESRD,585.32,META,1e-08,L1,synergistic_frac_by_edge,0.8494623655913979
ESRD,585.32,META,1e-08,L1,shared_loci,
ESRD,585.32,META,1e-08,L2,degree,88
ESRD,585.32,META,1e-08,L2,weighted_degree,3250
ESRD,585.32,META,1e-08,L2,within_cluster_frac_by_count,0.18181818181818182
ESRD,585.32,META,1e-08,L2,within_cluster_frac_by_weight,0.2541538461538462
ESRD,585.32,META,1e-08,L2,genitourinary_frac_by_count,0.14772727272727273
ESRD,585.32,META,1e-08,L2,genitourinary_frac_by_weight,0.19015384615384615
ESRD,585.32,META,1e-08,L2,synergistic_frac_by_weight,0.8175384615384615
ESRD,585.32,META,1e-08,L2,synergistic_frac_by_edge,0.8409090909090909
ESRD,585.32,META,1e-08,L2,shared_loci,
ESRD,585.32,META,1e-08,L3_partial,degree,88
ESRD,585.32,META,1e-08,L3_partial,weighted_degree,3250
ESRD,585.32,META,1e-08,L3_partial,within_cluster_frac_by_count,0.18181818181818182
ESRD,585.32,META,1e-08,L3_partial,within_cluster_frac_by_weight,0.2541538461538462
ESRD,585.32,META,1e-08,L3_partial,genitourinary_frac_by_count,0.14772727272727273
ESRD,585.32,META,1e-08,L3_partial,genitourinary_frac_by_weight,0.19015384615384615
ESRD,585.32,META,1e-08,L3_partial,synergistic_frac_by_weight,0.8175384615384615
ESRD,585.32,META,1e-08,L3_partial,synergistic_frac_by_edge,0.8409090909090909
ESRD,585.32,META,1e-08,L3_partial,shared_loci,
ESRD,585.32,META,1e-08,L4,degree,75
ESRD,585.32,META,1e-08,L4,weighted_degree,2632
ESRD,585.32,META,1e-08,L4,within_cluster_frac_by_count,0.04
ESRD,585.32,META,1e-08,L4,within_cluster_frac_by_weight,0.0790273556231003
ESRD,585.32,META,1e-08,L4,genitourinary_frac_by_count,0.0
ESRD,585.32,META,1e-08,L4,genitourinary_frac_by_weight,0.0
ESRD,585.32,META,1e-08,L4,synergistic_frac_by_weight,0.8259878419452887
ESRD,585.32,META,1e-08,L4,synergistic_frac_by_edge,0.8933333333333333
ESRD,585.32,META,1e-08,L4,shared_loci,
