target,ancestry,level,neighbor_id,phecode,label,category,weight,synergistic,antagonistic,t1,t2,t3,t4,classifiable
ESRD,AFR,L0,913,588,Disorders resulting from impaired renal function,genitourinary system,436,436,0,False,False,True,False,True
ESRD,AFR,L0,915,588.2,Secondary hyperparathyroidism (of renal origin),genitourinary system,369,369,0,False,False,True,False,True
ESRD,AFR,L0,287,285.21,Anemia in chronic kidney disease,hematopoietic,356,356,0,False,False,False,False,True
ESRD,AFR,L0,904,585.31,Renal dialysis,genitourinary system,312,312,0,False,True,True,False,True
ESRD,AFR,L0,907,585.34,"Chronic Kidney Disease, Stage IV",genitourinary system,310,310,0,False,True,True,False,True
ESRD,AFR,L0,912,587,Kidney replaced by transpant,genitourinary system,292,292,0,False,False,True,False,True
ESRD,AFR,L0,553,401.22,Hypertensive chronic kidney disease,circulatory system,284,284,0,False,False,False,False,True
ESRD,AFR,L0,286,285.2,Anemia of chronic disease,hematopoietic,255,255,0,False,False,False,False,True
ESRD,AFR,L0,903,585.3,Chronic renal failure [CKD],genitourinary system,240,240,0,True,False,True,False,True
ESRD,AFR,L0,902,585.2,Renal failure NOS,genitourinary system,181,181,0,False,True,True,False,True
ESRD,AFR,L1,913,588,Disorders resulting from impaired renal function,genitourinary system,436,436,0,False,False,True,False,True
ESRD,AFR,L1,915,588.2,Secondary hyperparathyroidism (of renal origin),genitourinary system,369,369,0,False,False,True,False,True
ESRD,AFR,L1,287,285.21,Anemia in chronic kidney disease,hematopoietic,356,356,0,False,False,False,False,True
ESRD,AFR,L1,904,585.31,Renal dialysis,genitourinary system,312,312,0,False,True,True,False,True
ESRD,AFR,L1,907,585.34,"Chronic Kidney Disease, Stage IV",genitourinary system,310,310,0,False,True,True,False,True
ESRD,AFR,L1,912,587,Kidney replaced by transpant,genitourinary system,292,292,0,False,False,True,False,True
ESRD,AFR,L1,553,401.22,Hypertensive chronic kidney disease,circulatory system,284,284,0,False,False,False,False,True
ESRD,AFR,L1,286,285.2,Anemia of chronic disease,hematopoietic,255,255,0,False,False,False,False,True
ESRD,AFR,L1,902,585.2,Renal failure NOS,genitourinary system,181,181,0,False,True,True,False,True
ESRD,AFR,L1,906,585.33,"Chronic Kidney Disease, Stage III",genitourinary system,179,178,1,False,True,True,False,True
ESRD,AFR,L2,913,588,Disorders resulting from impaired renal function,genitourinary system,436,436,0,False,False,True,False,True
ESRD,AFR,L2,915,588.2,Secondary hyperparathyroidism (of renal origin),genitourinary system,369,369,0,False,False,True,False,True
ESRD,AFR,L2,287,285.21,Anemia in chronic kidney disease,hematopoietic,356,356,0,False,False,False,False,True
ESRD,AFR,L2,912,587,Kidney replaced by transpant,genitourinary system,292,292,0,False,False,True,False,True
ESRD,AFR,L2,553,401.22,Hypertensive chronic kidney disease,circulatory system,284,284,0,False,False,False,False,True
ESRD,AFR,L2,286,285.2,Anemia of chronic disease,hematopoietic,255,255,0,False,False,False,False,True
ESRD,AFR,L2,551,401.2,Hypertensive heart and/or renal disease,circulatory system,175,175,0,False,False,False,False,True
ESRD,AFR,L2,243,275.5,Disorders of calcium/phosphorus metabolism,endocrine or metabolic,169,169,0,False,False,False,False,True
ESRD,AFR,L2,892,580,Nephritis; nephrosis; renal sclerosis,genitourinary system,152,152,0,False,False,True,False,True
ESRD,AFR,L2,221,269,Proteinuria,endocrine or metabolic,130,130,0,False,False,False,False,True
ESRD,AFR,L3,287,285.21,Anemia in chronic kidney disease,hematopoietic,356,356,0,False,False,False,False,True
ESRD,AFR,L3,553,401.22,Hypertensive chronic kidney disease,circulatory system,284,284,0,False,False,False,False,True
ESRD,AFR,L3,286,285.2,Anemia of chronic disease,hematopoietic,255,255,0,False,False,False,False,True
ESRD,AFR,L3,551,401.2,Hypertensive heart and/or renal disease,circulatory system,175,175,0,False,False,False,False,True
ESRD,AFR,L3,243,275.5,Disorders of calcium/phosphorus metabolism,endocrine or metabolic,169,169,0,False,False,False,False,True
ESRD,AFR,L3,221,269,Proteinuria,endocrine or metabolic,130,130,0,False,False,False,False,True
ESRD,AFR,L3,245,275.53,Disorders of phosphorus metabolism,endocrine or metabolic,126,126,0,False,False,False,False,True
ESRD,AFR,L3,1267,854,"Complications of cardiac/vascular device, implant, and graft",injuries and poisonings,78,78,0,False,False,False,False,True
ESRD,AFR,L3,251,276.13,Hyperpotassemia,endocrine or metabolic,71,71,0,False,False,False,False,True
ESRD,AFR,L3,257,276.6,Fluid overload,endocrine or metabolic,48,48,0,False,False,False,False,True
ESRD,AFR,L4,287,285.21,Anemia in chronic kidney disease,hematopoietic,356,356,0,False,False,False,False,True
ESRD,AFR,L4,553,401.22,Hypertensive chronic kidney disease,circulatory system,284,284,0,False,False,False,False,True
ESRD,AFR,L4,286,285.2,Anemia of chronic disease,hematopoietic,255,255,0,False,False,False,False,True
ESRD,AFR,L4,551,401.2,Hypertensive heart and/or renal disease,circulatory system,175,175,0,False,False,False,False,True
ESRD,AFR,L4,243,275.5,Disorders of calcium/phosphorus metabolism,endocrine or metabolic,169,169,0,False,False,False,False,True
ESRD,AFR,L4,221,269,Proteinuria,endocrine or metabolic,130,130,0,False,False,False,False,True
ESRD,AFR,L4,245,275.53,Disorders of phosphorus metabolism,endocrine or metabolic,126,126,0,False,False,False,False,True
ESRD,AFR,L4,1267,854,"Complications of cardiac/vascular device, implant, and graft",injuries and poisonings,78,78,0,False,False,False,False,True
ESRD,AFR,L4,251,276.13,Hyperpotassemia,endocrine or metabolic,71,71,0,False,False,False,False,True
ESRD,AFR,L4,257,276.6,Fluid overload,endocrine or metabolic,48,48,0,False,False,False,False,True
ESRD,EUR,L0,906,585.33,"Chronic Kidney Disease, Stage III",genitourinary system,411,410,1,False,True,True,False,True
ESRD,EUR,L0,903,585.3,Chronic renal failure [CKD],genitourinary system,409,408,1,True,False,True,False,True
ESRD,EUR,L0,236,274.1,Gout,endocrine or metabolic,405,376,29,False,False,False,False,True
ESRD,EUR,L0,235,274,Gout and other crystal arthropathies,endocrine or metabolic,403,375,28,False,False,False,False,True
ESRD,EUR,L0,900,585,Renal failure,genitourinary system,389,388,1,True,False,True,False,True
ESRD,EUR,L0,553,401.22,Hypertensive chronic kidney disease,circulatory system,383,382,1,False,False,False,False,True
ESRD,EUR,L0,284,285,Other anemias,hematopoietic,377,376,1,False,False,False,False,True
ESRD,EUR,L0,287,285.21,Anemia in chronic kidney disease,hematopoietic,376,375,1,False,False,False,False,True
ESRD,EUR,L0,472,367.1,Myopia,sense organs,372,28,344,False,False,False,False,True
ESRD,EUR,L0,907,585.34,"Chronic Kidney Disease, Stage IV",genitourinary system,370,369,1,False,True,True,False,True
ESRD,EUR,L1,906,585.33,"Chronic Kidney Disease, Stage III",genitourinary system,411,410,1,False,True,True,False,True
ESRD,EUR,L1,236,274.1,Gout,endocrine or metabolic,405,376,29,False,False,False,False,True
ESRD,EUR,L1,235,274,Gout and other crystal arthropathies,endocrine or metabolic,403,375,28,False,False,False,False,True
ESRD,EUR,L1,553,401.22,Hypertensive chronic kidney disease,circulatory system,383,382,1,False,False,False,False,True
ESRD,EUR,L1,284,285,Other anemias,hematopoietic,377,376,1,False,False,False,False,True
ESRD,EUR,L1,287,285.21,Anemia in chronic kidney disease,hematopoietic,376,375,1,False,False,False,False,True
ESRD,EUR,L1,472,367.1,Myopia,sense organs,372,28,344,False,False,False,False,True
ESRD,EUR,L1,907,585.34,"Chronic Kidney Disease, Stage IV",genitourinary system,370,369,1,False,True,True,False,True
ESRD,EUR,L1,464,365.1,Open-angle glaucoma,sense organs,345,6,339,False,False,False,False,True
ESRD,EUR,L1,465,365.11,Primary open angle glaucoma,sense organs,344,1,343,False,False,False,False,True
ESRD,EUR,L2,236,274.1,Gout,endocrine or metabolic,405,376,29,False,False,False,False,True
ESRD,EUR,L2,235,274,Gout and other crystal arthropathies,endocrine or metabolic,403,375,28,False,False,False,False,True
ESRD,EUR,L2,553,401.22,Hypertensive chronic kidney disease,circulatory system,383,382,1,False,False,False,False,True
ESRD,EUR,L2,284,285,Other anemias,hematopoietic,377,376,1,False,False,False,False,True
ESRD,EUR,L2,287,285.21,Anemia in chronic kidney disease,hematopoietic,376,375,1,False,False,False,False,True
ESRD,EUR,L2,472,367.1,Myopia,sense organs,372,28,344,False,False,False,False,True
ESRD,EUR,L2,464,365.1,Open-angle glaucoma,sense organs,345,6,339,False,False,False,False,True
ESRD,EUR,L2,465,365.11,Primary open angle glaucoma,sense organs,344,1,343,False,False,False,False,True
ESRD,EUR,L2,475,367.8,Hypermetropia,sense organs,344,343,1,False,False,False,False,True
ESRD,EUR,L2,237,274.11,Gouty arthropathy,endocrine or metabolic,342,341,1,False,False,False,False,True
ESRD,EUR,L3,236,274.1,Gout,endocrine or metabolic,405,376,29,False,False,False,False,True
ESRD,EUR,L3,235,274,Gout and other crystal arthropathies,endocrine or metabolic,403,375,28,False,False,False,False,True
ESRD,EUR,L3,553,401.22,Hypertensive chronic kidney disease,circulatory system,383,382,1,False,False,False,False,True
ESRD,EUR,L3,284,285,Other anemias,hematopoietic,377,376,1,False,False,False,False,True
ESRD,EUR,L3,287,285.21,Anemia in chronic kidney disease,hematopoietic,376,375,1,False,False,False,False,True
ESRD,EUR,L3,472,367.1,Myopia,sense organs,372,28,344,False,False,False,False,True
ESRD,EUR,L3,464,365.1,Open-angle glaucoma,sense organs,345,6,339,False,False,False,False,True
ESRD,EUR,L3,465,365.11,Primary open angle glaucoma,sense organs,344,1,343,False,False,False,False,True
ESRD,EUR,L3,475,367.8,Hypermetropia,sense organs,344,343,1,False,False,False,False,True
ESRD,EUR,L3,237,274.11,Gouty arthropathy,endocrine or metabolic,342,341,1,False,False,False,False,True
ESRD,EUR,L4,236,274.1,Gout,endocrine or metabolic,405,376,29,False,False,False,False,True
ESRD,EUR,L4,235,274,Gout and other crystal arthropathies,endocrine or metabolic,403,375,28,False,False,False,False,True
ESRD,EUR,L4,553,401.22,Hypertensive chronic kidney disease,circulatory system,383,382,1,False,False,False,False,True
ESRD,EUR,L4,284,285,Other anemias,hematopoietic,377,376,1,False,False,False,False,True
ESRD,EUR,L4,287,285.21,Anemia in chronic kidney disease,hematopoietic,376,375,1,False,False,False,False,True
ESRD,EUR,L4,472,367.1,Myopia,sense organs,372,28,344,False,False,False,False,True
ESRD,EUR,L4,464,365.1,Open-angle glaucoma,sense organs,345,6,339,False,False,False,False,True
ESRD,EUR,L4,465,365.11,Primary open angle glaucoma,sense organs,344,1,343,False,False,False,False,True
ESRD,EUR,L4,475,367.8,Hypermetropia,sense organs,344,343,1,False,False,False,False,True
ESRD,EUR,L4,237,274.11,Gouty arthropathy,endocrine or metabolic,342,341,1,False,False,False,False,True
ESRD,META,L0,287,285.21,Anemia in chronic kidney disease,hematopoietic,586,586,0,False,False,False,False,True
ESRD,META,L0,907,585.34,"Chronic Kidney Disease, Stage IV",genitourinary system,569,568,1,False,True,True,False,True
ESRD,META,L0,903,585.3,Chronic renal failure [CKD],genitourinary system,540,539,1,True,False,True,False,True
ESRD,META,L0,553,401.22,Hypertensive chronic kidney disease,circulatory system,529,528,1,False,False,False,False,True
ESRD,META,L0,906,585.33,"Chronic Kidney Disease, Stage III",genitourinary system,497,497,0,False,True,True,False,True
ESRD,META,L0,900,585,Renal failure,genitourinary system,479,479,0,True,False,True,False,True
ESRD,META,L0,236,274.1,Gout,endocrine or metabolic,396,370,26,False,False,False,False,True
ESRD,META,L0,904,585.31,Renal dialysis,genitourinary system,394,393,1,False,True,True,False,True
ESRD,META,L0,235,274,Gout and other crystal arthropathies,endocrine or metabolic,394,368,26,False,False,False,False,True
ESRD,META,L0,284,285,Other anemias,hematopoietic,378,377,1,False,False,False,False,True
ESRD,META,L1,287,285.21,Anemia in chronic kidney disease,hematopoietic,586,586,0,False,False,False,False,True
ESRD,META,L1,907,585.34,"Chronic Kidney Disease, Stage IV",genitourinary system,569,568,1,False,True,True,False,True
ESRD,META,L1,553,401.22,Hypertensive chronic kidney disease,circulatory system,529,528,1,False,False,False,False,True
ESRD,META,L1,906,585.33,"Chronic Kidney Disease, Stage III",genitourinary system,497,497,0,False,True,True,False,True
ESRD,META,L1,236,274.1,Gout,endocrine or metabolic,396,370,26,False,False,False,False,True
ESRD,META,L1,904,585.31,Renal dialysis,genitourinary system,394,393,1,False,True,True,False,True
ESRD,META,L1,235,274,Gout and other crystal arthropathies,endocrine or metabolic,394,368,26,False,False,False,False,True
ESRD,META,L1,284,285,Other anemias,hematopoietic,378,377,1,False,False,False,False,True
ESRD,META,L1,472,367.1,Myopia,sense organs,371,28,343,False,False,False,False,True
ESRD,META,L1,465,365.11,Primary open angle glaucoma,sense organs,343,0,343,False,False,False,False,True
ESRD,META,L2,287,285.21,Anemia in chronic kidney disease,hematopoietic,586,586,0,False,False,False,False,True
ESRD,META,L2,553,401.22,Hypertensive chronic kidney disease,circulatory system,529,528,1,False,False,False,False,True
ESRD,META,L2,236,274.1,Gout,endocrine or metabolic,396,370,26,False,False,False,False,True
ESRD,META,L2,235,274,Gout and other crystal arthropathies,endocrine or metabolic,394,368,26,False,False,False,False,True
ESRD,META,L2,284,285,Other anemias,hematopoietic,378,377,1,False,False,False,False,True
ESRD,META,L2,472,367.1,Myopia,sense organs,371,28,343,False,False,False,False,True
ESRD,META,L2,465,365.11,Primary open angle glaucoma,sense organs,343,0,343,False,False,False,False,True
ESRD,META,L2,475,367.8,Hypermetropia,sense organs,343,343,0,False,False,False,False,True
ESRD,META,L2,237,274.11,Gouty arthropathy,endocrine or metabolic,341,341,0,False,False,False,False,True
ESRD,META,L2,464,365.1,Open-angle glaucoma,sense organs,341,7,334,False,False,False,False,True
ESRD,META,L3,287,285.21,Anemia in chronic kidney disease,hematopoietic,586,586,0,False,False,False,False,True
ESRD,META,L3,553,401.22,Hypertensive chronic kidney disease,circulatory system,529,528,1,False,False,False,False,True
ESRD,META,L3,236,274.1,Gout,endocrine or metabolic,396,370,26,False,False,False,False,True
ESRD,META,L3,235,274,Gout and other crystal arthropathies,endocrine or metabolic,394,368,26,False,False,False,False,True
ESRD,META,L3,284,285,Other anemias,hematopoietic,378,377,1,False,False,False,False,True
ESRD,META,L3,472,367.1,Myopia,sense organs,371,28,343,False,False,False,False,True
ESRD,META,L3,465,365.11,Primary open angle glaucoma,sense organs,343,0,343,False,False,False,False,True
ESRD,META,L3,475,367.8,Hypermetropia,sense organs,343,343,0,False,False,False,False,True
ESRD,META,L3,237,274.11,Gouty arthropathy,endocrine or metabolic,341,341,0,False,False,False,False,True
ESRD,META,L3,464,365.1,Open-angle glaucoma,sense organs,341,7,334,False,False,False,False,True
ESRD,META,L4,287,285.21,Anemia in chronic kidney disease,hematopoietic,586,586,0,False,False,False,False,True
ESRD,META,L4,553,401.22,Hypertensive chronic kidney disease,circulatory system,529,528,1,False,False,False,False,True
ESRD,META,L4,236,274.1,Gout,endocrine or metabolic,396,370,26,False,False,False,False,True
ESRD,META,L4,235,274,Gout and other crystal arthropathies,endocrine or metabolic,394,368,26,False,False,False,False,True
ESRD,META,L4,284,285,Other anemias,hematopoietic,378,377,1,False,False,False,False,True
ESRD,META,L4,472,367.1,Myopia,sense organs,371,28,343,False,False,False,False,True
ESRD,META,L4,465,365.11,Primary open angle glaucoma,sense organs,343,0,343,False,False,False,False,True
ESRD,META,L4,475,367.8,Hypermetropia,sense organs,343,343,0,False,False,False,False,True
ESRD,META,L4,237,274.11,Gouty arthropathy,endocrine or metabolic,341,341,0,False,False,False,False,True
ESRD,META,L4,464,365.1,Open-angle glaucoma,sense organs,341,7,334,False,False,False,False,True
