target,ancestry,level,locus,lead_rsid,chrom,lead_pos,span_start,span_end,n_snps,n_edges,is_apol1,nearest_gene,distance_bp
ESRD,AFR,L0,4,rs7903146,10,112998590,112998590,113057250,6,61,False,TCF7L2,0
ESRD,AFR,L0,0,rs9622362,22,36260398,36026856,36747187,481,39,True,APOL1,0
ESRD,AFR,L0,1,rs7292101,22,35695911,35196622,35734510,78,13,False,APOL6,27506
ESRD,AFR,L0,2,rs10427778,22,37023301,36775567,37434045,15,9,False,MPST,0
ESRD,AFR,L0,14,rs2281100,22,37571425,37571425,37571425,1,5,False,LGALS2,0
ESRD,AFR,L0,3,rs5750077,22,35195815,34905605,35195815,30,4,False,LINC01399,0
ESRD,AFR,L0,5,rs970305314,17,1799375,1799375,1799375,1,1,False,SMYD4,0
ESRD,AFR,L0,6,rs3906559,19,17215104,17191438,17215104,5,1,False,USE1,241
ESRD,AFR,L0,8,rs547313049,1,66357534,66357534,66357534,1,1,False,PDE4B,0
ESRD,AFR,L0,10,rs242993,22,34101415,34073303,34101415,2,1,False,LINC01643,0
ESRD,AFR,L0,21,rs186742570,13,88118281,88067396,88118281,4,1,False,LINC00373,24585
ESRD,AFR,L1,4,rs7903146,10,112998590,112998590,113057250,6,59,False,TCF7L2,0
ESRD,AFR,L1,0,rs9622362,22,36260398,36026856,36747187,481,37,True,APOL1,0
ESRD,AFR,L1,1,rs7292101,22,35695911,35196622,35734510,78,13,False,APOL6,27506
ESRD,AFR,L1,2,rs10427778,22,37023301,36775567,37434045,15,9,False,MPST,0
ESRD,AFR,L1,14,rs2281100,22,37571425,37571425,37571425,1,5,False,LGALS2,0
ESRD,AFR,L1,3,rs5750077,22,35195815,34905605,35195815,30,4,False,LINC01399,0
ESRD,AFR,L1,5,rs970305314,17,1799375,1799375,1799375,1,1,False,SMYD4,0
ESRD,AFR,L1,6,rs3906559,19,17215104,17191438,17215104,5,1,False,USE1,241
ESRD,AFR,L1,8,rs547313049,1,66357534,66357534,66357534,1,1,False,PDE4B,0
ESRD,AFR,L1,10,rs242993,22,34101415,34073303,34101415,2,1,False,LINC01643,0
ESRD,AFR,L1,21,rs186742570,13,88118281,88067396,88118281,4,1,False,LINC00373,24585
ESRD,AFR,L2,4,rs7903146,10,112998590,112998590,113057250,6,56,False,TCF7L2,0
ESRD,AFR,L2,0,rs9622362,22,36260398,36026856,36747187,481,33,True,APOL1,0
ESRD,AFR,L2,1,rs7292101,22,35695911,35196622,35734510,78,11,False,APOL6,27506
ESRD,AFR,L2,2,rs10427778,22,37023301,36775567,37434045,15,7,False,MPST,0
ESRD,AFR,L2,3,rs5750077,22,35195815,34905605,35195815,30,4,False,LINC01399,0
ESRD,AFR,L2,14,rs2281100,22,37571425,37571425,37571425,1,3,False,LGALS2,0
ESRD,AFR,L2,10,rs242993,22,34101415,34073303,34101415,2,1,False,LINC01643,0
ESRD,AFR,L2,21,rs186742570,13,88118281,88067396,88118281,4,1,False,LINC00373,24585
ESRD,AFR,L3,4,rs7903146,10,112998590,112998590,113057250,6,53,False,TCF7L2,0
ESRD,AFR,L3,0,rs9622362,22,36260398,36026856,36747187,481,23,True,APOL1,0
ESRD,AFR,L3,1,rs7292101,22,35695911,35196622,35734510,78,5,False,APOL6,27506
ESRD,AFR,L3,2,rs10427778,22,37023301,36775567,37434045,15,2,False,MPST,0
ESRD,AFR,L3,3,rs5750077,22,35195815,34905605,35195815,30,2,False,LINC01399,0
ESRD,AFR,L3,14,rs2281100,22,37571425,37571425,37571425,1,1,False,LGALS2,0
ESRD,AFR,L3,21,rs186742570,13,88118281,88067396,88118281,4,1,False,LINC00373,24585
ESRD,AFR,L4,4,rs7903146,10,112998590,112998590,113057250,6,53,False,TCF7L2,0
ESRD,AFR,L4,0,rs9622362,22,36260398,36026856,36747187,481,23,True,APOL1,0
ESRD,AFR,L4,1,rs7292101,22,35695911,35196622,35734510,78,5,False,APOL6,27506
ESRD,AFR,L4,2,rs10427778,22,37023301,36775567,37434045,15,2,False,MPST,0
ESRD,AFR,L4,3,rs5750077,22,35195815,34905605,35195815,30,2,False,LINC01399,0
ESRD,AFR,L4,14,rs2281100,22,37571425,37571425,37571425,1,1,False,LGALS2,0
ESRD,AFR,L4,21,rs186742570,13,88118281,88067396,88118281,4,1,False,LINC00373,24585
ESRD,EUR,L0,16,rs17817288,16,53773852,53773852,53773852,1,90,False,FTO,0
ESRD,EUR,L0,1,rs34872471,10,112994312,112990477,113058995,28,88,False,TCF7L2,0
ESRD,EUR,L0,2,rs12922822,16,20356323,20339137,20381010,32,31,False,UMOD,21
ESRD,EUR,L0,0,rs4948524,10,58591464,58504611,58615138,316,20,False,BICC1,0
ESRD,EUR,L0,4,rs75166367,2,162107791,162107791,162107791,1,7,False,LOC101929532,12385
ESRD,EUR,L0,13,rs9420637,10,94386376,94379758,94518638,9,2,False,TBC1D12,16164
ESRD,EUR,L0,5,rs142598645,2,58747845,58747845,58780158,4,1,False,LINC01122,0
ESRD,EUR,L0,8,rs111565436,17,38674206,38674206,38698254,11,1,False,MIR4734,28055
ESRD,EUR,L0,11,rs41266311,6,168066030,168066030,168066030,1,1,False,FRMD1,0
ESRD,EUR,L0,12,rs111263147,4,145069308,144671809,145069308,41,1,False,ANAPC10,0
ESRD,EUR,L0,14,rs76812436,3,82324732,82321020,82340390,8,1,False,LINC02008,0
ESRD,EUR,L1,16,rs17817288,16,53773852,53773852,53773852,1,88,False,FTO,0
ESRD,EUR,L1,1,rs34872471,10,112994312,112990477,113058995,28,86,False,TCF7L2,0
ESRD,EUR,L1,2,rs12922822,16,20356323,20339137,20381010,32,29,False,UMOD,21
ESRD,EUR,L1,0,rs4948524,10,58591464,58504611,58615138,316,18,False,BICC1,0
ESRD,EUR,L1,4,rs75166367,2,162107791,162107791,162107791,1,5,False,LOC101929532,12385
ESRD,EUR,L1,13,rs9420637,10,94386376,94379758,94518638,9,2,False,TBC1D12,16164
ESRD,EUR,L1,5,rs142598645,2,58747845,58747845,58780158,4,1,False,LINC01122,0
ESRD,EUR,L1,8,rs111565436,17,38674206,38674206,38698254,11,1,False,MIR4734,28055
ESRD,EUR,L1,11,rs41266311,6,168066030,168066030,168066030,1,1,False,FRMD1,0
ESRD,EUR,L1,12,rs111263147,4,145069308,144671809,145069308,41,1,False,ANAPC10,0
ESRD,EUR,L1,14,rs76812436,3,82324732,82321020,82340390,8,1,False,LINC02008,0
ESRD,EUR,L2,16,rs17817288,16,53773852,53773852,53773852,1,85,False,FTO,0
ESRD,EUR,L2,1,rs34872471,10,112994312,112990477,113058995,28,81,False,TCF7L2,0
ESRD,EUR,L2,2,rs12922822,16,20356323,20339137,20381010,32,24,False,UMOD,21
ESRD,EUR,L2,0,rs4948524,10,58591464,58504611,58615138,316,15,False,BICC1,0
ESRD,EUR,L2,4,rs75166367,2,162107791,162107791,162107791,1,4,False,LOC101929532,12385
ESRD,EUR,L2,13,rs9420637,10,94386376,94379758,94518638,9,2,False,TBC1D12,16164
ESRD,EUR,L2,5,rs142598645,2,58747845,58747845,58780158,4,1,False,LINC01122,0
ESRD,EUR,L2,12,rs111263147,4,145069308,144671809,145069308,41,1,False,ANAPC10,0
ESRD,EUR,L3,16,rs17817288,16,53773852,53773852,53773852,1,85,False,FTO,0
ESRD,EUR,L3,1,rs34872471,10,112994312,112990477,113058995,28,78,False,TCF7L2,0
ESRD,EUR,L3,2,rs12922822,16,20356323,20339137,20381010,32,22,False,UMOD,21
ESRD,EUR,L3,0,rs4948524,10,58591464,58504611,58615138,316,15,False,BICC1,0
ESRD,EUR,L3,4,rs75166367,2,162107791,162107791,162107791,1,4,False,LOC101929532,12385
ESRD,EUR,L3,13,rs9420637,10,94386376,94379758,94518638,9,2,False,TBC1D12,16164
ESRD,EUR,L3,5,rs142598645,2,58747845,58747845,58780158,4,1,False,LINC01122,0
ESRD,EUR,L3,12,rs111263147,4,145069308,144671809,145069308,41,1,False,ANAPC10,0
ESRD,EUR,L4,16,rs17817288,16,53773852,53773852,53773852,1,85,False,FTO,0
ESRD,EUR,L4,1,rs34872471,10,112994312,112990477,113058995,28,78,False,TCF7L2,0
ESRD,EUR,L4,0,rs4948524,10,58591464,58504611,58615138,316,15,False,BICC1,0
ESRD,EUR,L4,2,rs12922822,16,20356323,20339137,20381010,32,14,False,UMOD,21
ESRD,EUR,L4,13,rs9420637,10,94386376,94379758,94518638,9,2,False,TBC1D12,16164
ESRD,EUR,L4,5,rs142598645,2,58747845,58747845,58780158,4,1,False,LINC01122,0
ESRD,EUR,L4,12,rs111263147,4,145069308,144671809,145069308,41,1,False,ANAPC10,0
ESRD,META,L0,1,rs7903146,10,112998590,112990477,113058995,28,91,False,TCF7L2,0
ESRD,META,L0,26,rs17817288,16,53773852,53773852,53773852,1,87,False,FTO,0
ESRD,META,L0,0,rs9622363,22,36260509,36026856,36591044,389,37,True,APOL1,0
ESRD,META,L0,2,rs28362063,16,20353690,20339137,20381010,31,28,False,UMOD,0
ESRD,META,L0,5,rs4948524,10,58591464,58504611,58615138,315,18,False,BICC1,0
ESRD,META,L0,4,rs7292101,22,35695911,35250868,35696965,11,10,False,APOL6,27506
ESRD,META,L0,18,rs9622490,22,36821760,36797580,37071352,6,10,False,IFT27,45503
ESRD,META,L0,9,rs75166367,2,162107791,162107791,162107791,1,7,False,LOC101929532,12385
ESRD,META,L0,20,rs7393251,10,94465946,94381282,94518638,8,2,False,TBC1D12,0
ESRD,META,L0,6,rs970305314,17,1799375,1799375,1799375,1,1,False,SMYD4,0
ESRD,META,L0,12,rs12471461,2,58767764,58747845,58780158,4,1,False,LINC01122,0
ESRD,META,L0,19,rs41266311,6,168066030,168066030,168066030,1,1,False,FRMD1,0
ESRD,META,L0,30,rs186742570,13,88118281,88067396,88118281,4,1,False,LINC00373,24585
ESRD,META,L1,1,rs7903146,10,112998590,112990477,113058995,28,89,False,TCF7L2,0
ESRD,META,L1,26,rs17817288,16,53773852,53773852,53773852,1,85,False,FTO,0
ESRD,META,L1,0,rs9622363,22,36260509,36026856,36591044,389,35,True,APOL1,0
ESRD,META,L1,2,rs28362063,16,20353690,20339137,20381010,31,26,False,UMOD,0
ESRD,META,L1,5,rs4948524,10,58591464,58504611,58615138,315,16,False,BICC1,0
ESRD,META,L1,4,rs7292101,22,35695911,35250868,35696965,11,10,False,APOL6,27506
ESRD,META,L1,18,rs9622490,22,36821760,36797580,37071352,6,10,False,IFT27,45503
ESRD,META,L1,9,rs75166367,2,162107791,162107791,162107791,1,5,False,LOC101929532,12385
ESRD,META,L1,20,rs7393251,10,94465946,94381282,94518638,8,2,False,TBC1D12,0
ESRD,META,L1,6,rs970305314,17,1799375,1799375,1799375,1,1,False,SMYD4,0
ESRD,META,L1,12,rs12471461,2,58767764,58747845,58780158,4,1,False,LINC01122,0
ESRD,META,L1,19,rs41266311,6,168066030,168066030,168066030,1,1,False,FRMD1,0
ESRD,META,L1,30,rs186742570,13,88118281,88067396,88118281,4,1,False,LINC00373,24585
ESRD,META,L2,1,rs7903146,10,112998590,112990477,113058995,28,84,False,TCF7L2,0
ESRD,META,L2,26,rs17817288,16,53773852,53773852,53773852,1,82,False,FTO,0
ESRD,META,L2,0,rs9622363,22,36260509,36026856,36591044,389,31,True,APOL1,0
ESRD,META,L2,2,rs28362063,16,20353690,20339137,20381010,31,21,False,UMOD,0
ESRD,META,L2,5,rs4948524,10,58591464,58504611,58615138,315,13,False,BICC1,0
ESRD,META,L2,4,rs7292101,22,35695911,35250868,35696965,11,8,False,APOL6,27506
ESRD,META,L2,18,rs9622490,22,36821760,36797580,37071352,6,8,False,IFT27,45503
ESRD,META,L2,9,rs75166367,2,162107791,162107791,162107791,1,4,False,LOC101929532,12385
ESRD,META,L2,20,rs7393251,10,94465946,94381282,94518638,8,2,False,TBC1D12,0
ESRD,META,L2,12,rs12471461,2,58767764,58747845,58780158,4,1,False,LINC01122,0
ESRD,META,L2,30,rs186742570,13,88118281,88067396,88118281,4,1,False,LINC00373,24585
ESRD,META,L3,26,rs17817288,16,53773852,53773852,53773852,1,82,False,FTO,0
ESRD,META,L3,1,rs7903146,10,112998590,112990477,113058995,28,80,False,TCF7L2,0
ESRD,META,L3,0,rs9622363,22,36260509,36026856,36591044,389,21,True,APOL1,0
ESRD,META,L3,2,rs28362063,16,20353690,20339137,20381010,31,19,False,UMOD,0
ESRD,META,L3,5,rs4948524,10,58591464,58504611,58615138,315,13,False,BICC1,0
ESRD,META,L3,18,rs9622490,22,36821760,36797580,37071352,6,6,False,IFT27,45503
ESRD,META,L3,4,rs7292101,22,35695911,35250868,35696965,11,4,False,APOL6,27506
ESRD,META,L3,9,rs75166367,2,162107791,162107791,162107791,1,4,False,LOC101929532,12385
ESRD,META,L3,20,rs7393251,10,94465946,94381282,94518638,8,2,False,TBC1D12,0
ESRD,META,L3,12,rs12471461,2,58767764,58747845,58780158,4,1,False,LINC01122,0
ESRD,META,L3,30,rs186742570,13,88118281,88067396,88118281,4,1,False,LINC00373,24585
ESRD,META,L4,26,rs17817288,16,53773852,53773852,53773852,1,82,False,FTO,0
ESRD,META,L4,1,rs7903146,10,112998590,112990477,113058995,28,80,False,TCF7L2,0
ESRD,META,L4,0,rs9622363,22,36260509,36026856,36591044,389,21,True,APOL1,0
ESRD,META,L4,5,rs4948524,10,58591464,58504611,58615138,315,13,False,BICC1,0
ESRD,META,L4,2,rs28362063,16,20353690,20339137,20381010,31,11,False,UMOD,0
ESRD,META,L4,18,rs9622490,22,36821760,36797580,37071352,6,6,False,IFT27,45503
ESRD,META,L4,4,rs7292101,22,35695911,35250868,35696965,11,4,False,APOL6,27506
ESRD,META,L4,20,rs7393251,10,94465946,94381282,94518638,8,2,False,TBC1D12,0
ESRD,META,L4,12,rs12471461,2,58767764,58747845,58780158,4,1,False,LINC01122,0
ESRD,META,L4,30,rs186742570,13,88118281,88067396,88118281,4,1,False,LINC00373,24585
