ancestry,threshold,tier,n_edges,frac_edges,total_weight,frac_weight,weight_median,weight_q1,weight_q3,mwu_U_vs_unrelated,mwu_p_vs_unrelated,rank_biserial_vs_unrelated,synergistic_frac_by_weight,synergistic_frac_by_edge,antagonistic_weight,share_of_all_antagonistic_weight
AFR,0.0001,T1,469,0.08500996918615189,83756,0.283036912127981,12.0,3.0,62.0,1501620.5,1.2911896649319186e-30,0.31596772172254806,0.9477052390276518,0.9936034115138592,4380,0.08711910255390246
AFR,0.0001,T2,169,0.030632590175820193,28789,0.09728675752486322,40.0,8.0,151.0,602376.0,1.1319533141179895e-25,0.46500412231228894,0.8031887179130918,0.9585798816568047,5666,0.11269790755032222
AFR,0.0001,T4,13,0.002356353090447707,96,0.0003244130995306148,5.0,3.0,13.0,34301.0,0.5915693250172229,0.08447943343134456,1.0,1.0,0,0.0
AFR,0.0001,unrelated,4866,0.8820010875475802,183278,0.6193519172476252,3.0,1.0,16.0,,,,0.7804973864839206,0.8078503904644472,40230,0.8001829898957753
AFR,0.0001,unclassifiable,0,,0,,,,,,,,,,,
EUR,0.0001,T1,624,0.01168473681253862,1489533,0.08952786950750125,176.0,19.5,1292.5,21989056.5,8.623498957901675e-51,0.3482370813847744,0.9978704734973982,0.9919871794871795,3172,0.0007668400195723102
EUR,0.0001,T2,479,0.008969533546804487,566350,0.03404027228371129,100.0,16.0,628.5,16005557.5,7.373002831004312e-26,0.2784376574278635,0.9859009446455372,0.9352818371607515,7985,0.0019303964553231076
EUR,0.0001,T4,26,0.00048686403385577587,5571,0.00033484304209862383,98.0,34.25,244.0,854301.0,0.02307853867865293,0.25713474267248615,0.8409621252916891,0.9230769230769231,886,0.00021419301933829345
EUR,0.0001,unrelated,52274,0.9788588656068011,14576192,0.8760970151666888,33.0,5.0,126.0,,,,0.7170445477117755,0.7209128821211309,4124413,0.9970885705057663
EUR,0.0001,unclassifiable,0,,0,,,,,,,,,,,
META,0.0001,T1,627,0.012240356083086053,1226296,0.08425378066284575,184.0,21.0,1128.5,21444565.0,4.698805085427752e-56,0.3656707416637308,0.9963589541187445,0.9904306220095693,4465,0.0012294321372734638
META,0.0001,T2,481,0.009390129626737466,504104,0.034634923254469714,103.0,17.0,575.0,15610006.5,4.3610557825289184e-29,0.2958487448784526,0.9802342373795884,0.9334719334719335,9964,0.0027435748747576243
META,0.0001,T4,28,0.0005466187724504139,5006,0.00034394177751391654,84.5,18.0,232.0,842322.0,0.06502618851097547,0.20120302553220615,0.839792249300839,0.9285714285714286,802,0.00022082969184620781
META,0.0001,unrelated,50088,0.977822895517726,12819383,0.8807673543051706,29.0,5.0,117.0,,,,0.7178860324244934,0.7230474365117393,3616527,0.9958061632961227
META,0.0001,unclassifiable,0,,0,,,,,,,,,,,
