ancestry,tier_set,edges_total,edges_masked,frac_edges_masked,weight_total,weight_masked,frac_weight_masked,nodes_total,nodes_isolated,frac_nodes_isolated
AFR,T1,5517,469,0.08500996918615189,295919,83756,0.283036912127981,768,277,0.3606770833333333
AFR,T1+T2,5517,638,0.11564255936197208,295919,112545,0.3803236696528442,768,291,0.37890625
AFR,T1+T2+T4,5517,651,0.1179989124524198,295919,112641,0.38064808275237483,768,293,0.3815104166666667
EUR,T1,53403,624,0.01168473681253862,16637646,1489533,0.08952786950750125,1002,79,0.07884231536926148
EUR,T1+T2,53403,1103,0.02065427035934311,16637646,2055883,0.12356814179121253,1002,83,0.08283433133732535
EUR,T1+T2+T4,53403,1129,0.021141134393198886,16637646,2061454,0.12390298483331115,1002,83,0.08283433133732535
META,T1,51224,627,0.012240356083086053,14554789,1226296,0.08425378066284575,997,87,0.08726178535606821
META,T1+T2,51224,1108,0.02163048570982352,14554789,1730400,0.11888870391731546,997,94,0.09428284854563691
META,T1+T2+T4,51224,1136,0.022177104482273936,14554789,1735406,0.11923264569482937,997,94,0.09428284854563691
