ancestry,group,phecode_a,phecode_b,label_a,label_b,category_a,category_b,tier,shared_snps
AFR,masked,611,611.3,Abnormal findings on mammogram or breast exam,Lump or mass in breast,genitourinary system,genitourinary system,T1+T3,2
AFR,masked,174,174.11,Breast cancer,Malignant neoplasm of female breast,neoplasms,other,T1+T3,2
AFR,masked,290,290.1,Delirium dementia and amnestic and other cognitive disorders,Dementias,other,other,T1+T3,49
AFR,masked,604,604.1,Disorders of penis,Redundant prepuce and phimosis/BXO,other,other,T1+T3,2
AFR,masked,585.2,585.32,Renal failure NOS,End stage renal disease,genitourinary system,genitourinary system,T2+T3,181
AFR,masked,250.1,250.25,Type 1 diabetes,Diabetes type 2 with peripheral circulatory disorders,endocrine or metabolic,endocrine or metabolic,T2+T3,25
AFR,masked,411,411.4,Ischemic Heart Disease,Coronary atherosclerosis,circulatory system,circulatory system,T1+T3,256
AFR,masked,687,687.2,Symptoms affecting skin,"Localized superficial swelling, mass, or lump",dermatological system,dermatological system,T1+T3,38
AFR,masked,345,345.1,"Epilepsy, recurrent seizures, convulsions",Epilepsy,neurological,neurological,T1+T3,1
AFR,masked,362,362.2,Other retinal disorders,Degeneration of macula and posterior pole of retina,sense organs,sense organs,T1+T3,9
AFR,masked,289,289.8,Other diseases of blood and blood-forming organs,"Polycythemia vera, secondary",other,other,T1+T3,1
AFR,masked,706,706.2,Diseases of sebaceous glands,Sebaceous cyst,dermatological system,dermatological system,T1+T3,9
AFR,masked,250,250.21,Diabetes mellitus,Type 2 diabetes with ketoacidosis,endocrine or metabolic,endocrine or metabolic,T1+T3,2
AFR,masked,571.5,571.51,Other chronic nonalcoholic liver disease,Cirrhosis of liver without mention of alcohol,digestive system,digestive system,T1+T3,76
AFR,masked,720,720.1,Spinal stenosis,Spinal stenosis of lumbar region,musculoskeletal system,musculoskeletal system,T1+T3,24
AFR,masked,585.31,585.34,Renal dialysis,"Chronic Kidney Disease, Stage IV",genitourinary system,genitourinary system,T2+T3,224
AFR,masked,250.13,250.3,Type 1 diabetes with ophthalmic manifestations,Insulin pump user,endocrine or metabolic,endocrine or metabolic,T2+T3,265
AFR,masked,204.1,204.12,Lymphoid leukemia,"Lymphoid leukemia, chronic",neoplasms,neoplasms,T1+T3,30
AFR,masked,526,526.4,Diseases of the jaws,Temporomandibular joint disorders,digestive system,digestive system,T1+T3,3
AFR,masked,250.22,250.23,Type 2 diabetes with renal manifestations,Type 2 diabetes with ophthalmic manifestations,endocrine or metabolic,endocrine or metabolic,T2+T3,109
AFR,masked,585,585.32,Renal failure,End stage renal disease,genitourinary system,genitourinary system,T1+T3,129
AFR,masked,496.1,496.21,Emphysema,Obstructive chronic bronchitis,respiratory system,respiratory system,T2+T3,16
AFR,masked,496,496.2,Chronic airway obstruction,Chronic bronchitis,respiratory system,respiratory system,T1+T3,41
AFR,masked,574.1,574.11,Cholelithiasis,Cholelithiasis with acute cholecystitis,digestive system,digestive system,T1+T3,1
AFR,masked,255,255.12,Disorders of adrenal glands,Hyperaldosteronism,endocrine or metabolic,endocrine or metabolic,T1+T3,5
AFR,masked,513.3,513.31,Hypoventilation,Apnea,respiratory system,respiratory system,T1+T3,18
AFR,masked,540,540.1,Appendiceal conditions,Appendicitis,digestive system,digestive system,T1+T3,37
AFR,masked,960,960.2,Poisoning by antibiotics,Allergy/adverse effect of penicillin,injuries and poisonings,injuries and poisonings,T1+T3,9
AFR,masked,571,571.5,Chronic liver disease and cirrhosis,Other chronic nonalcoholic liver disease,digestive system,digestive system,T1+T3,131
AFR,masked,275.5,275.53,Disorders of calcium/phosphorus metabolism,Disorders of phosphorus metabolism,endocrine or metabolic,endocrine or metabolic,T1+T3,107
AFR,unmasked,707,250.14,Chronic ulcer of skin,Type 1 diabetes with neurological manifestations,dermatological system,endocrine or metabolic,unrelated,1
AFR,unmasked,275,588.1,Disorders of mineral metabolism,Renal osteodystrophy,endocrine or metabolic,genitourinary system,unrelated,1
AFR,unmasked,278.11,585,Morbid obesity,Renal failure,endocrine or metabolic,genitourinary system,unrelated,1
AFR,unmasked,250.14,362,Type 1 diabetes with neurological manifestations,Other retinal disorders,endocrine or metabolic,sense organs,unrelated,1
AFR,unmasked,580.31,585.32,Nephritis and nephropathy in diseases classified elsewhere,End stage renal disease,genitourinary system,genitourinary system,T3,1
AFR,unmasked,697,743,Sarcoidosis,"Osteoporosis, osteopenia and pathological fracture",dermatological system,musculoskeletal system,unrelated,5
AFR,unmasked,286.8,578,Hypercoagulable state,Gastrointestinal hemorrhage,hematopoietic,digestive system,unrelated,6
AFR,unmasked,244,070.2,Hypothyroidism,Viral hepatitis B,endocrine or metabolic,infectious diseases,unrelated,545
AFR,unmasked,274,278.1,Gout and other crystal arthropathies,Obesity,endocrine or metabolic,endocrine or metabolic,unrelated,3
AFR,unmasked,714.1,743,Rheumatoid arthritis,"Osteoporosis, osteopenia and pathological fracture",musculoskeletal system,musculoskeletal system,unrelated,65
AFR,unmasked,272,580.3,Disorders of lipoid metabolism,Nephritis and nephropathy without mention of glomerulonephritis,endocrine or metabolic,other,unrelated,1
AFR,unmasked,272.13,585,Mixed hyperlipidemia,Renal failure,endocrine or metabolic,genitourinary system,unrelated,1
AFR,unmasked,250.2,367.4,Type 2 diabetes,Presbyopia,endocrine or metabolic,sense organs,unrelated,2
AFR,unmasked,204.2,287,Myeloid leukemia,Purpura and other hemorrhagic conditions,neoplasms,hematopoietic,unrelated,1
AFR,unmasked,250,362,Diabetes mellitus,Other retinal disorders,endocrine or metabolic,sense organs,unrelated,1
AFR,unmasked,224.1,250.7,"Benign neoplasm of eye, uveal",Diabetic retinopathy,neoplasms,endocrine or metabolic,unrelated,14
AFR,unmasked,444,452,Arterial embolism and thrombosis,Other venous embolism and thrombosis,circulatory system,circulatory system,unrelated,23
AFR,unmasked,275.51,580.3,Hypocalcemia,Nephritis and nephropathy without mention of glomerulonephritis,endocrine or metabolic,other,unrelated,3
AFR,unmasked,250.2,401.22,Type 2 diabetes,Hypertensive chronic kidney disease,endocrine or metabolic,circulatory system,unrelated,12
AFR,unmasked,586,594,Other disorders of the kidney and ureters,Urinary calculus,genitourinary system,genitourinary system,unrelated,1
AFR,unmasked,282.8,593.2,Other hemoglobinopathies,Microscopic hematuria,hematopoietic,genitourinary system,unrelated,1
AFR,unmasked,454,531.4,Varicose veins,"Peptic ulcer, site unspecified",circulatory system,digestive system,unrelated,1
AFR,unmasked,415.11,594,"Pulmonary embolism and infarction, acute",Urinary calculus,circulatory system,genitourinary system,unrelated,1
AFR,unmasked,274,367.4,Gout and other crystal arthropathies,Presbyopia,endocrine or metabolic,sense organs,unrelated,1
AFR,unmasked,276.6,401.22,Fluid overload,Hypertensive chronic kidney disease,endocrine or metabolic,circulatory system,unrelated,48
AFR,unmasked,193,241,Thyroid cancer,Nontoxic nodular goiter,neoplasms,endocrine or metabolic,unrelated,3
AFR,unmasked,714.1,250.14,Rheumatoid arthritis,Type 1 diabetes with neurological manifestations,musculoskeletal system,endocrine or metabolic,unrelated,654
AFR,unmasked,530.2,573.7,Esophageal bleeding (varices/hemorrhage),Abnormal results of function study of liver,digestive system,digestive system,unrelated,28
AFR,unmasked,250.11,335,Type 1 diabetes with ketoacidosis,Multiple sclerosis,endocrine or metabolic,neurological,unrelated,356
AFR,unmasked,362,366.2,Other retinal disorders,Senile cataract,sense organs,sense organs,unrelated,1
EUR,masked,290.11,290.16,Alzheimer's disease,Vascular dementia,other,other,T2+T3,133
EUR,masked,585.33,585.34,"Chronic Kidney Disease, Stage III","Chronic Kidney Disease, Stage IV",genitourinary system,genitourinary system,T2+T3,625
EUR,masked,428.1,428.4,Congestive heart failure (CHF) NOS,Heart failure with preserved EF [Diastolic heart failure],circulatory system,circulatory system,T2+T3,192
EUR,masked,250,250.24,Diabetes mellitus,Type 2 diabetes with neurological manifestations,endocrine or metabolic,endocrine or metabolic,T1+T3,26136
EUR,masked,250.22,250.25,Type 2 diabetes with renal manifestations,Diabetes type 2 with peripheral circulatory disorders,endocrine or metabolic,endocrine or metabolic,T2+T3,524
EUR,masked,289,289.9,Other diseases of blood and blood-forming organs,Abnormality of red blood cells,other,hematopoietic,T1+T3,1
EUR,masked,426.24,426.9,"Atrioventricular block, complete",Cardiac pacemaker/device in situ,circulatory system,circulatory system,T2+T3,10
EUR,masked,594,594.1,Urinary calculus,Calculus of kidney,genitourinary system,genitourinary system,T1+T3,16192
EUR,masked,425,425.1,Cardiomyopathy,Primary/intrinsic cardiomyopathies,circulatory system,circulatory system,T1+T3,2119
EUR,masked,574.12,574.3,Cholelithiasis with other cholecystitis,Cholecystitis without cholelithiasis,digestive system,digestive system,T2+T3,21
EUR,masked,433,433.8,Cerebrovascular disease,Late effects of cerebrovascular disease,circulatory system,circulatory system,T1+T3,237
EUR,masked,250.23,250.4,Type 2 diabetes with ophthalmic manifestations,Abnormal glucose,endocrine or metabolic,endocrine or metabolic,T2+T3,116
EUR,masked,871,871.3,Open wounds of extremities,Open wound of foot except toe(s) alone,injuries and poisonings,injuries and poisonings,T1+T3,75
EUR,masked,250,250.42,Diabetes mellitus,Other abnormal glucose,endocrine or metabolic,endocrine or metabolic,T1+T3,191
EUR,masked,300,300.1,"Anxiety, phobic and dissociative disorders",Anxiety disorder,other,other,T1+T3,2319
EUR,masked,411.1,411.3,Unstable angina (intermediate coronary syndrome),Angina pectoris,circulatory system,circulatory system,T2+T3,1777
EUR,masked,573.7,573.9,Abnormal results of function study of liver,Abnormal serum enzyme levels,digestive system,digestive system,T2+T3,115
EUR,masked,571.5,571.81,Other chronic nonalcoholic liver disease,Portal hypertension,digestive system,digestive system,T2+T3,366
EUR,masked,427.2,427.22,Atrial fibrillation and flutter,Atrial flutter,circulatory system,circulatory system,T1+T3,6779
EUR,masked,433.3,433.5,Cerebral ischemia,Cerebral aneurysm,circulatory system,circulatory system,T2+T3,13
EUR,masked,204.1,204.12,Lymphoid leukemia,"Lymphoid leukemia, chronic",neoplasms,neoplasms,T1+T3,1875
EUR,masked,513.3,513.31,Hypoventilation,Apnea,respiratory system,respiratory system,T1+T3,1
EUR,masked,426.2,426.23,Atrioventricular [AV] block,Second degree AV block,circulatory system,circulatory system,T1+T3,17
EUR,masked,250,250.41,Diabetes mellitus,Impaired fasting glucose,endocrine or metabolic,endocrine or metabolic,T1+T3,272
EUR,masked,272,272.13,Disorders of lipoid metabolism,Mixed hyperlipidemia,endocrine or metabolic,endocrine or metabolic,T1+T3,4904
EUR,masked,585.2,585.33,Renal failure NOS,"Chronic Kidney Disease, Stage III",genitourinary system,genitourinary system,T2+T3,61
EUR,masked,250.21,250.41,Type 2 diabetes with ketoacidosis,Impaired fasting glucose,endocrine or metabolic,endocrine or metabolic,T2+T3,1
EUR,masked,433.1,433.11,Occlusion and stenosis of precerebral arteries,"Occlusion of cerebral arteries, with cerebral infarction",circulatory system,circulatory system,T1+T3,31
EUR,masked,585.2,585.3,Renal failure NOS,Chronic renal failure [CKD],genitourinary system,genitourinary system,T2+T3,61
EUR,masked,374,374.6,Other disorders of eyelids,Dermatochalasis,sense organs,sense organs,T1+T3,349
EUR,unmasked,251.1,530.2,Hypoglycemia,Esophageal bleeding (varices/hemorrhage),endocrine or metabolic,digestive system,unrelated,17
EUR,unmasked,110.11,571.51,Dermatophytosis of nail,Cirrhosis of liver without mention of alcohol,infectious diseases,digestive system,unrelated,29
EUR,unmasked,362.9,496,Retinal edema,Chronic airway obstruction,sense organs,respiratory system,unrelated,8
EUR,unmasked,433.1,585.33,Occlusion and stenosis of precerebral arteries,"Chronic Kidney Disease, Stage III",circulatory system,genitourinary system,unrelated,172
EUR,unmasked,362.27,110.11,Drusen (degenerative) of retina,Dermatophytosis of nail,sense organs,infectious diseases,unrelated,32
EUR,unmasked,078,363,Viral warts &#38; HPV,"Chorioretinal inflammations, scars, and other disorders of choroid",infectious diseases,sense organs,unrelated,343
EUR,unmasked,366,530.2,Cataract,Esophageal bleeding (varices/hemorrhage),sense organs,digestive system,unrelated,48
EUR,unmasked,706.2,250.1,Sebaceous cyst,Type 1 diabetes,dermatological system,endocrine or metabolic,unrelated,180
EUR,unmasked,280.1,1089,"Iron deficiency anemias, unspecified or not due to blood loss",1089,hematopoietic,other,unrelated,118
EUR,unmasked,110.11,440.2,Dermatophytosis of nail,Atherosclerosis of the extremities,infectious diseases,circulatory system,unrelated,3002
EUR,unmasked,202.2,433.31,Non-Hodgkins lymphoma,Transient cerebral ischemia,neoplasms,circulatory system,unrelated,4
EUR,unmasked,244.1,275.1,Secondary hypothyroidism,Disorders of iron metabolism,endocrine or metabolic,hematopoietic,unrelated,6
EUR,unmasked,425.1,172.2,Primary/intrinsic cardiomyopathies,Other non-epithelial cancer of skin,circulatory system,neoplasms,unrelated,15
EUR,unmasked,278.11,355.1,Morbid obesity,Chronic pain syndrome,endocrine or metabolic,neurological,unrelated,2
EUR,unmasked,250.22,426,Type 2 diabetes with renal manifestations,Cardiac conduction disorders,endocrine or metabolic,circulatory system,unrelated,3113
EUR,unmasked,681.1,367,Cellulitis and abscess of fingers/toes,Disorders of refraction and accommodation; blindness and low vision,dermatological system,sense organs,unrelated,56
EUR,unmasked,377.3,550.2,Optic neuritis/neuropathy,Diaphragmatic hernia,sense organs,digestive system,unrelated,80
EUR,unmasked,687.1,702.1,Rash and other nonspecific skin eruption,Actinic keratosis,dermatological system,dermatological system,unrelated,4
EUR,unmasked,272.12,1010.3,Hyperglyceridemia,1010.3,endocrine or metabolic,infectious diseases,unrelated,1
EUR,unmasked,512,555,Other symptoms of respiratory system,Inflammatory bowel disease and other gastroenteritis and colitis,respiratory system,digestive system,unrelated,11
EUR,unmasked,747,433.3,Cardiac and circulatory congenital anomalies,Cerebral ischemia,congenital anomaly,circulatory system,unrelated,2
EUR,unmasked,681,418,Superficial cellulitis and abscess,Nonspecific chest pain,dermatological system,circulatory system,unrelated,31
EUR,unmasked,250.11,465,Type 1 diabetes with ketoacidosis,Acute upper respiratory infections of multiple or unspecified sites,endocrine or metabolic,respiratory system,unrelated,3
EUR,unmasked,172.2,571.8,Other non-epithelial cancer of skin,Liver abscess and sequelae of chronic liver disease,neoplasms,digestive system,unrelated,1
EUR,unmasked,707.3,038,Chronic ulcer of unspecified site,Septicemia,dermatological system,infectious diseases,unrelated,18
EUR,unmasked,202.2,585.3,Non-Hodgkins lymphoma,Chronic renal failure [CKD],neoplasms,genitourinary system,unrelated,4
EUR,unmasked,714.1,335,Rheumatoid arthritis,Multiple sclerosis,musculoskeletal system,neurological,unrelated,7156
EUR,unmasked,241.2,442,Nontoxic multinodular goiter,Other aneurysm,endocrine or metabolic,circulatory system,unrelated,10
EUR,unmasked,698,316,Pruritus and related conditions,Substance addiction and disorders,dermatological system,other,unrelated,103
EUR,unmasked,401,414.2,Hypertension,ASCVD,circulatory system,circulatory system,unrelated,68
